Date,avg_temp,avg_rain_mm,humidity
2010-01-01,14.91,0.0,2.84
2010-01-02,13.85,0.0,2.71
2010-01-03,12.28,0.0,2.95
2010-01-04,11.9,0.0,4.37
2010-01-05,13.32,0.0,4.44
2010-01-06,12.86,0.0,4.0
2010-01-07,13.59,0.0,3.63
2010-01-08,11.94,0.0,3.13
2010-01-09,12.09,0.0,2.98
2010-01-10,12.6,0.0,3.14
2010-01-11,12.56,0.0,3.0
2010-01-12,12.53,0.02,2.75
2010-01-13,12.98,0.22,3.16
2010-01-14,11.77,0.0,5.05
2010-01-15,10.48,0.0,4.8
2010-01-16,13.23,0.0,3.92
2010-01-17,9.96,0.0,3.53
2010-01-18,10.83,0.0,3.06
2010-01-19,11.73,0.0,2.84
2010-01-20,12.48,0.0,2.72
2010-01-21,10.9,0.0,2.71
2010-01-22,11.57,0.0,2.9
2010-01-23,10.79,0.0,3.04
2010-01-24,9.69,0.0,3.0
2010-01-25,10.61,0.0,2.87
2010-01-26,10.99,0.0,2.89
2010-01-27,11.22,0.0,3.13
2010-01-28,11.31,0.0,3.5
2010-01-29,10.12,0.0,3.66
2010-01-30,12.39,0.0,3.4
2010-01-31,10.03,0.0,3.41
2010-02-01,11.38,0.0,2.95
2010-02-02,12.96,0.0,2.2
2010-02-03,12.79,0.0,2.08
2010-02-04,12.62,0.0,2.22
2010-02-05,12.58,0.0,2.41
2010-02-06,13.3,0.0,2.58
2010-02-07,12.09,0.0,2.8
2010-02-08,11.56,0.0,4.1
2010-02-09,5.75,4.47,5.47
2010-02-10,12.77,0.29,4.25
2010-02-11,13.64,0.08,3.22
2010-02-12,11.58,3.61,3.98
2010-02-13,13.48,0.19,4.13
2010-02-14,13.03,0.0,2.65
2010-02-15,14.78,0.02,2.22
2010-02-16,12.49,0.01,2.62
2010-02-17,14.76,0.0,3.35
2010-02-18,14.4,0.0,3.55
2010-02-19,12.0,0.0,3.18
2010-02-20,11.72,0.0,3.28
2010-02-21,12.1,0.0,2.99
2010-02-22,12.54,0.0,3.21
2010-02-23,10.91,0.02,3.71
2010-02-24,12.29,0.01,3.93
2010-02-25,12.56,0.02,4.37
2010-02-26,10.61,1.99,4.92
2010-02-27,11.33,0.38,5.25
2010-02-28,13.96,0.0,5.18
2010-03-01,10.84,0.0,5.33
2010-03-02,13.25,0.0,4.69
2010-03-03,13.0,0.0,4.03
2010-03-04,14.04,0.0,3.74
2010-03-05,13.32,0.0,4.41
2010-03-06,14.32,0.0,4.42
2010-03-07,12.56,0.0,3.21
2010-03-08,14.31,0.0,3.2
2010-03-09,13.7,0.0,2.9
2010-03-10,13.18,0.0,2.5
2010-03-11,13.72,0.0,2.56
2010-03-12,13.28,0.0,2.88
2010-03-13,12.86,0.01,3.2
2010-03-14,13.42,0.11,3.87
2010-03-15,14.46,0.0,4.42
2010-03-16,12.72,0.01,4.62
2010-03-17,13.33,0.07,4.54
2010-03-18,10.07,0.01,4.79
2010-03-19,15.18,0.0,4.37
2010-03-20,14.53,0.0,4.57
2010-03-21,12.47,0.0,5.14
2010-03-22,13.36,0.0,5.03
2010-03-23,13.63,0.0,4.24
2010-03-24,13.97,0.0,3.7
2010-03-25,14.12,0.0,3.75
2010-03-26,13.62,0.0,3.89
2010-03-27,14.58,0.0,4.21
2010-03-28,14.64,0.0,4.19
2010-03-29,12.77,0.0,4.09
2010-03-30,14.31,0.0,4.01
2010-03-31,14.43,0.0,4.26
2010-04-01,15.65,0.0,3.64
2010-04-02,14.74,0.0,2.75
2010-04-03,16.77,0.0,2.77
2010-04-04,15.24,0.0,3.22
2010-04-05,15.83,0.0,2.83
2010-04-06,15.47,0.0,2.46
2010-04-07,14.82,0.0,2.17
2010-04-08,14.9,0.0,2.27
2010-04-09,14.35,0.0,2.6
2010-04-10,12.16,0.0,2.75
2010-04-11,16.12,0.0,3.55
2010-04-12,15.82,0.0,4.05
2010-04-13,13.39,0.0,4.64
2010-04-14,14.23,0.0,4.82
2010-04-15,12.57,0.03,5.3
2010-04-16,12.82,0.0,6.04
2010-04-17,14.15,0.06,6.72
2010-04-18,13.77,0.25,6.77
2010-04-19,14.28,0.0,7.22
2010-04-20,14.98,0.0,6.66
2010-04-21,14.92,0.0,5.6
2010-04-22,14.87,0.0,4.86
2010-04-23,13.61,0.0,4.23
2010-04-24,14.25,0.0,3.51
2010-04-25,15.72,0.44,3.44
2010-04-26,15.66,1.09,3.35
2010-04-27,13.65,0.02,5.58
2010-04-28,11.78,0.0,8.15
2010-04-29,10.86,0.04,8.79
2010-04-30,9.97,0.29,9.84
2010-05-01,9.71,4.71,11.1
2010-05-02,8.57,0.18,10.57
2010-05-03,7.3,0.34,10.2
2010-05-04,11.67,0.23,8.77
2010-05-05,9.54,3.5,10.11
2010-05-06,6.66,6.65,11.39
2010-05-07,6.91,6.07,11.5
2010-05-08,10.7,0.43,10.76
2010-05-09,12.8,0.02,8.72
2010-05-10,13.51,0.0,7.35
2010-05-11,15.34,0.0,6.51
2010-05-12,14.98,0.0,5.49
2010-05-13,15.42,0.0,4.76
2010-05-14,15.89,0.02,5.19
2010-05-15,14.88,0.04,6.02
2010-05-16,14.22,0.11,6.07
2010-05-17,14.61,0.07,6.45
2010-05-18,12.41,0.04,9.15
2010-05-19,11.31,1.22,11.31
2010-05-20,10.47,6.65,11.59
2010-05-21,10.6,1.09,11.65
2010-05-22,13.33,1.08,11.22
2010-05-23,7.87,14.42,13.63
2010-05-24,9.38,9.92,13.58
2010-05-25,11.53,0.23,10.41
2010-05-26,13.49,0.15,8.53
2010-05-27,11.31,0.72,9.73
2010-05-28,11.33,0.24,11.35
2010-05-29,12.01,0.34,11.75
2010-05-30,10.46,1.73,11.77
2010-05-31,11.33,0.27,10.67
2010-06-01,12.49,0.03,8.53
2010-06-02,12.95,0.13,7.2
2010-06-03,12.86,0.06,9.26
2010-06-04,9.92,0.02,11.36
2010-06-05,11.58,0.1,10.77
2010-06-06,12.5,0.0,8.06
2010-06-07,13.9,0.0,6.0
2010-06-08,13.37,0.0,7.23
2010-06-09,11.67,0.0,9.43
2010-06-10,13.29,0.09,9.39
2010-06-11,12.37,0.43,10.56
2010-06-12,11.91,13.42,11.91
2010-06-13,11.51,6.6,12.79
2010-06-14,11.3,1.21,12.66
2010-06-15,10.86,0.88,12.24
2010-06-16,10.2,3.99,13.42
2010-06-17,8.17,14.09,14.5
2010-06-18,8.65,21.53,15.41
2010-06-19,9.75,4.03,15.54
2010-06-20,8.14,5.24,15.95
2010-06-21,8.21,0.24,15.41
2010-06-22,7.82,1.4,15.63
2010-06-23,8.02,8.02,16.47
2010-06-24,6.94,3.23,15.43
2010-06-25,9.71,0.43,14.84
2010-06-26,9.43,0.33,15.5
2010-06-27,10.35,1.14,15.1
2010-06-28,9.05,2.41,15.58
2010-06-29,9.44,6.4,15.14
2010-06-30,8.36,3.19,15.96
2010-07-01,8.1,4.36,15.17
2010-07-02,9.53,1.04,14.66
2010-07-03,9.19,0.17,14.61
2010-07-04,8.45,0.73,14.89
2010-07-05,9.56,0.26,15.03
2010-07-06,7.9,0.19,15.2
2010-07-07,7.14,0.31,14.91
2010-07-08,10.0,1.44,15.05
2010-07-09,7.91,7.18,15.92
2010-07-10,5.77,21.14,17.51
2010-07-11,3.99,31.08,17.93
2010-07-12,3.64,15.68,16.66
2010-07-13,6.07,6.92,16.19
2010-07-14,7.8,5.45,16.78
2010-07-15,7.02,0.78,17.22
2010-07-16,8.46,9.03,16.29
2010-07-17,6.48,25.54,17.38
2010-07-18,5.38,19.21,17.27
2010-07-19,3.98,19.17,16.79
2010-07-20,6.46,6.98,15.73
2010-07-21,6.72,2.79,16.25
2010-07-22,6.46,4.46,16.81
2010-07-23,5.04,4.87,17.52
2010-07-24,6.1,1.39,16.69
2010-07-25,7.13,3.43,16.98
2010-07-26,6.28,10.14,16.07
2010-07-27,4.71,4.67,14.73
2010-07-28,7.36,1.0,16.15
2010-07-29,7.29,5.11,16.46
2010-07-30,8.66,3.01,15.03
2010-07-31,6.0,1.39,15.63
2010-08-01,8.12,3.91,15.55
2010-08-02,4.51,5.93,16.12
2010-08-03,8.89,0.63,15.41
2010-08-04,5.51,1.77,16.35
2010-08-05,6.45,2.24,16.24
2010-08-06,8.02,0.12,16.0
2010-08-07,8.25,0.05,16.07
2010-08-08,6.85,4.02,16.06
2010-08-09,6.72,36.57,16.55
2010-08-10,6.33,2.57,16.77
2010-08-11,5.68,11.81,16.65
2010-08-12,5.9,25.54,16.75
2010-08-13,5.61,4.58,17.05
2010-08-14,6.06,8.65,16.93
2010-08-15,5.42,4.54,16.98
2010-08-16,6.07,8.66,17.48
2010-08-17,3.88,13.47,17.33
2010-08-18,3.86,24.82,17.17
2010-08-19,3.72,21.17,16.66
2010-08-20,5.68,25.88,16.45
2010-08-21,5.22,20.32,16.44
2010-08-22,5.15,19.93,16.73
2010-08-23,5.64,9.88,16.47
2010-08-24,3.8,3.75,16.68
2010-08-25,5.52,1.01,15.02
2010-08-26,6.27,15.93,15.74
2010-08-27,5.69,21.75,17.02
2010-08-28,5.33,12.35,15.53
2010-08-29,6.48,8.61,16.48
2010-08-30,4.14,6.72,16.71
2010-08-31,6.43,14.12,16.47
2010-09-01,6.01,9.01,16.3
2010-09-02,4.47,13.77,16.13
2010-09-03,5.18,6.3,16.55
2010-09-04,5.36,3.33,16.32
2010-09-05,6.02,8.51,16.51
2010-09-06,5.28,13.24,16.69
2010-09-07,5.63,2.76,15.28
2010-09-08,5.48,2.55,15.68
2010-09-09,5.39,0.46,15.24
2010-09-10,6.33,5.04,15.46
2010-09-11,6.89,5.68,16.08
2010-09-12,5.18,1.27,14.5
2010-09-13,6.23,11.09,15.36
2010-09-14,5.59,16.66,16.06
2010-09-15,4.72,14.53,14.98
2010-09-16,5.22,30.62,14.74
2010-09-17,6.1,11.45,14.21
2010-09-18,5.36,2.93,14.65
2010-09-19,5.63,1.79,14.68
2010-09-20,6.54,11.09,14.46
2010-09-21,6.44,25.69,15.25
2010-09-22,4.24,22.16,14.4
2010-09-23,5.51,6.72,13.56
2010-09-24,6.51,0.27,13.52
2010-09-25,7.05,0.19,13.8
2010-09-26,7.29,0.0,13.49
2010-09-27,7.05,0.0,13.93
2010-09-28,7.34,0.0,14.0
2010-09-29,6.41,0.0,13.7
2010-09-30,7.14,0.0,13.38
2010-10-01,6.78,0.0,13.8
2010-10-02,6.83,0.0,14.05
2010-10-03,7.53,0.0,13.81
2010-10-04,7.12,2.31,13.02
2010-10-05,7.71,3.28,11.98
2010-10-06,8.1,1.29,10.64
2010-10-07,7.43,3.15,11.74
2010-10-08,7.32,0.03,12.21
2010-10-09,6.49,0.26,13.41
2010-10-10,6.65,0.85,13.33
2010-10-11,7.49,0.08,11.69
2010-10-12,7.75,0.0,10.59
2010-10-13,7.92,0.0,10.35
2010-10-14,8.08,0.06,11.31
2010-10-15,6.31,6.6,13.51
2010-10-16,3.75,6.78,13.79
2010-10-17,4.67,10.71,12.84
2010-10-18,6.88,0.32,12.84
2010-10-19,6.63,0.98,12.87
2010-10-20,7.23,3.04,12.45
2010-10-21,7.63,1.85,12.05
2010-10-22,8.23,0.04,10.77
2010-10-23,9.04,0.0,10.06
2010-10-24,8.33,0.0,9.93
2010-10-25,7.86,0.0,9.35
2010-10-26,7.95,0.0,9.13
2010-10-27,8.44,0.0,8.46
2010-10-28,8.55,0.0,7.85
2010-10-29,7.99,0.0,8.42
2010-10-30,7.5,0.58,8.41
2010-10-31,7.45,0.51,7.76
2010-11-01,8.51,0.03,7.54
2010-11-02,8.6,0.0,8.26
2010-11-03,8.95,0.0,9.28
2010-11-04,8.36,0.0,9.58
2010-11-05,8.65,0.0,9.51
2010-11-06,8.65,0.0,9.98
2010-11-07,7.54,0.0,10.36
2010-11-08,8.08,0.0,10.32
2010-11-09,6.39,0.0,10.89
2010-11-10,6.6,0.0,10.78
2010-11-11,7.75,0.0,10.37
2010-11-12,6.77,0.05,10.08
2010-11-13,6.34,0.45,9.52
2010-11-14,8.64,0.07,9.35
2010-11-15,7.15,0.0,9.7
2010-11-16,6.73,0.0,10.09
2010-11-17,6.43,0.08,9.77
2010-11-18,5.8,0.04,9.33
2010-11-19,8.02,0.08,8.83
2010-11-20,8.76,0.0,7.65
2010-11-21,9.05,0.0,6.59
2010-11-22,7.16,0.0,6.98
2010-11-23,7.92,0.0,7.43
2010-11-24,9.21,0.0,7.45
2010-11-25,8.01,0.0,8.08
2010-11-26,10.13,0.0,8.45
2010-11-27,8.26,0.07,8.43
2010-11-28,9.56,0.0,6.62
2010-11-29,9.45,0.0,5.41
2010-11-30,8.39,0.0,5.42
2010-12-01,9.36,0.0,5.34
2010-12-02,8.8,0.0,4.77
2010-12-03,10.63,0.0,4.52
2010-12-04,9.83,0.0,4.9
2010-12-05,10.0,0.0,4.22
2010-12-06,10.93,0.0,3.53
2010-12-07,10.17,0.32,3.75
2010-12-08,9.29,0.07,4.12
2010-12-09,10.03,0.0,4.96
2010-12-10,9.82,0.0,5.5
2010-12-11,10.25,0.0,5.34
2010-12-12,9.22,0.0,5.02
2010-12-13,8.43,0.0,5.36
2010-12-14,8.89,0.0,4.92
2010-12-15,12.32,0.0,4.85
2010-12-16,10.16,0.0,4.74
2010-12-17,9.86,0.0,4.26
2010-12-18,9.98,0.0,3.82
2010-12-19,9.91,0.0,3.56
2010-12-20,12.46,0.0,3.15
2010-12-21,9.33,0.0,3.44
2010-12-22,9.65,0.0,3.89
2010-12-23,9.43,0.0,3.99
2010-12-24,9.81,0.0,3.69
2010-12-25,9.44,0.0,3.75
2010-12-26,9.92,0.0,3.9
2010-12-27,10.0,0.0,3.81
2010-12-28,10.27,0.0,3.62
2010-12-29,10.75,0.0,3.61
2010-12-30,10.27,0.0,3.73
2010-12-31,11.14,2.19,4.45
2011-01-01,9.26,0.7,5.42
2011-01-02,14.07,0.15,4.04
2011-01-03,10.35,0.0,3.79
2011-01-04,12.27,0.0,3.96
2011-01-05,10.76,0.0,4.11
2011-01-06,11.78,0.0,3.86
2011-01-07,10.76,0.0,3.4
2011-01-08,11.41,0.0,3.26
2011-01-09,10.67,0.0,3.05
2011-01-10,12.0,0.0,2.94
2011-01-11,13.82,0.0,3.15
2011-01-12,11.25,0.0,3.32
2011-01-13,9.67,0.0,3.5
2011-01-14,11.19,0.0,3.39
2011-01-15,10.77,0.0,3.66
2011-01-16,9.03,0.0,4.92
2011-01-17,13.04,0.0,3.35
2011-01-18,9.94,0.0,3.77
2011-01-19,10.79,0.0,3.76
2011-01-20,10.08,0.0,3.72
2011-01-21,10.18,0.0,4.16
2011-01-22,10.59,0.0,4.15
2011-01-23,10.4,0.0,4.0
2011-01-24,10.41,0.0,3.48
2011-01-25,10.86,0.0,3.25
2011-01-26,7.73,0.0,4.14
2011-01-27,12.68,0.0,3.96
2011-01-28,10.76,0.0,3.39
2011-01-29,10.24,0.03,3.04
2011-01-30,9.74,0.01,4.0
2011-01-31,11.23,0.0,4.41
2011-02-01,11.17,0.0,4.16
2011-02-02,11.43,0.0,4.14
2011-02-03,14.6,0.0,3.84
2011-02-04,12.65,0.0,4.19
2011-02-05,10.58,0.0,4.76
2011-02-06,11.32,0.0,4.68
2011-02-07,11.75,0.0,4.07
2011-02-08,11.55,0.0,4.3
2011-02-09,12.03,0.0,4.55
2011-02-10,12.44,0.0,3.73
2011-02-11,10.66,0.0,3.4
2011-02-12,11.3,0.0,3.57
2011-02-13,11.95,0.0,4.25
2011-02-14,11.39,0.0,4.65
2011-02-15,10.26,1.12,5.78
2011-02-16,10.33,10.58,7.06
2011-02-17,10.39,0.55,5.14
2011-02-18,12.62,0.0,3.84
2011-02-19,12.1,0.0,3.04
2011-02-20,13.26,0.0,3.02
2011-02-21,11.88,0.0,3.22
2011-02-22,14.4,0.0,3.73
2011-02-23,13.08,0.0,3.74
2011-02-24,13.24,0.01,3.03
2011-02-25,10.6,0.09,3.92
2011-02-26,12.92,0.02,3.81
2011-02-27,13.51,0.0,3.55
2011-02-28,15.73,0.0,2.86
2011-03-01,12.63,0.0,3.06
2011-03-02,12.06,0.0,4.05
2011-03-03,11.53,1.66,5.05
2011-03-04,9.25,0.61,5.85
2011-03-05,13.12,0.0,4.67
2011-03-06,14.91,0.0,3.35
2011-03-07,14.06,0.0,3.13
2011-03-08,12.29,0.0,3.49
2011-03-09,11.45,0.62,4.19
2011-03-10,15.31,0.05,3.73
2011-03-11,13.79,0.0,3.52
2011-03-12,13.36,0.0,4.04
2011-03-13,12.06,0.0,4.18
2011-03-14,13.79,0.0,3.94
2011-03-15,14.78,0.0,3.52
2011-03-16,14.6,0.0,4.22
2011-03-17,12.22,0.0,4.98
2011-03-18,12.73,0.0,5.58
2011-03-19,11.45,0.0,5.61
2011-03-20,13.67,0.0,4.72
2011-03-21,12.71,0.0,4.24
2011-03-22,15.14,0.0,3.39
2011-03-23,13.65,0.0,3.21
2011-03-24,13.94,0.01,3.0
2011-03-25,14.32,0.0,3.8
2011-03-26,13.93,0.03,4.61
2011-03-27,12.38,0.62,4.87
2011-03-28,12.55,0.31,6.02
2011-03-29,10.62,0.48,7.49
2011-03-30,10.98,5.88,8.63
2011-03-31,12.36,0.1,7.17
2011-04-01,14.42,0.0,4.69
2011-04-02,15.05,0.01,4.38
2011-04-03,14.47,1.45,5.42
2011-04-04,8.82,0.42,6.55
2011-04-05,14.35,0.04,4.11
2011-04-06,15.76,0.01,3.48
2011-04-07,14.91,0.0,3.61
2011-04-08,15.12,0.0,3.9
2011-04-09,15.32,0.01,4.24
2011-04-10,13.41,0.01,5.15
2011-04-11,12.62,0.0,5.32
2011-04-12,11.9,0.06,5.76
2011-04-13,12.2,0.0,6.38
2011-04-14,13.22,0.12,6.23
2011-04-15,12.67,0.05,6.25
2011-04-16,14.73,0.08,5.65
2011-04-17,13.8,0.0,6.0
2011-04-18,13.41,0.95,7.47
2011-04-19,12.4,1.93,8.76
2011-04-20,12.82,0.0,7.4
2011-04-21,15.72,0.0,3.57
2011-04-22,14.35,0.0,2.65
2011-04-23,13.38,0.0,3.99
2011-04-24,11.52,2.07,5.36
2011-04-25,11.83,8.56,7.57
2011-04-26,5.25,0.79,9.26
2011-04-27,11.58,0.0,8.66
2011-04-28,11.89,0.18,9.59
2011-04-29,8.19,0.63,10.37
2011-04-30,9.25,2.01,10.73
2011-05-01,9.61,10.33,10.76
2011-05-02,13.45,8.38,8.23
2011-05-03,11.01,7.47,8.61
2011-05-04,10.76,5.05,9.39
2011-05-05,11.41,0.0,9.87
2011-05-06,11.23,0.09,10.25
2011-05-07,10.7,1.71,10.91
2011-05-08,11.6,0.68,8.95
2011-05-09,12.3,0.33,8.55
2011-05-10,11.76,0.02,8.63
2011-05-11,12.44,1.01,8.14
2011-05-12,12.26,11.33,9.05
2011-05-13,11.97,1.38,9.59
2011-05-14,12.75,0.01,9.04
2011-05-15,13.46,0.96,8.52
2011-05-16,11.73,2.78,9.57
2011-05-17,9.93,2.21,11.96
2011-05-18,6.57,11.36,13.16
2011-05-19,8.25,10.43,11.6
2011-05-20,9.8,6.59,11.68
2011-05-21,10.5,24.23,12.82
2011-05-22,8.57,15.55,13.0
2011-05-23,9.57,0.12,11.5
2011-05-24,11.39,0.43,10.47
2011-05-25,10.62,11.36,11.74
2011-05-26,8.86,6.09,13.97
2011-05-27,8.81,0.52,13.38
2011-05-28,10.02,0.25,12.35
2011-05-29,9.91,0.13,12.55
2011-05-30,8.15,1.75,13.39
2011-05-31,10.56,0.12,11.81
2011-06-01,9.48,0.25,12.24
2011-06-02,10.08,0.11,12.86
2011-06-03,11.94,0.26,10.89
2011-06-04,11.34,0.19,8.78
2011-06-05,13.13,0.04,7.79
2011-06-06,12.96,1.06,9.12
2011-06-07,10.98,7.19,11.38
2011-06-08,9.93,1.18,11.5
2011-06-09,10.67,0.07,11.42
2011-06-10,12.08,0.06,11.0
2011-06-11,11.66,0.08,10.96
2011-06-12,10.56,0.75,12.3
2011-06-13,8.38,6.52,14.34
2011-06-14,8.74,2.18,14.38
2011-06-15,8.57,7.58,14.78
2011-06-16,8.6,9.82,15.25
2011-06-17,8.53,6.57,15.16
2011-06-18,7.68,11.73,15.92
2011-06-19,6.14,16.09,15.05
2011-06-20,8.91,3.23,14.57
2011-06-21,9.69,0.35,15.4
2011-06-22,7.4,2.36,16.26
2011-06-23,8.96,3.6,16.33
2011-06-24,8.57,7.95,16.3
2011-06-25,4.63,11.5,16.33
2011-06-26,6.66,11.22,15.72
2011-06-27,8.52,5.08,15.93
2011-06-28,6.86,15.94,15.5
2011-06-29,7.17,36.22,15.63
2011-06-30,6.63,10.24,15.57
2011-07-01,3.4,20.72,16.77
2011-07-02,4.74,38.45,16.64
2011-07-03,4.46,6.36,16.84
2011-07-04,6.86,0.6,15.68
2011-07-05,6.27,11.21,16.31
2011-07-06,4.8,18.04,16.22
2011-07-07,5.41,5.05,15.98
2011-07-08,6.24,1.94,16.38
2011-07-09,6.76,3.32,16.88
2011-07-10,7.19,4.61,16.69
2011-07-11,6.72,3.67,16.93
2011-07-12,5.62,6.77,17.27
2011-07-13,4.82,7.08,16.9
2011-07-14,5.01,10.3,16.26
2011-07-15,7.74,10.48,16.42
2011-07-16,5.69,2.39,16.78
2011-07-17,6.4,1.17,16.93
2011-07-18,6.19,10.25,17.02
2011-07-19,5.76,32.0,16.78
2011-07-20,4.21,7.24,17.13
2011-07-21,6.57,1.74,16.83
2011-07-22,7.13,4.09,16.56
2011-07-23,6.18,5.1,15.64
2011-07-24,6.14,0.91,15.59
2011-07-25,6.49,0.32,16.51
2011-07-26,4.82,4.38,16.81
2011-07-27,4.7,28.5,15.59
2011-07-28,5.15,10.89,17.55
2011-07-29,4.48,3.13,17.13
2011-07-30,5.14,15.03,17.18
2011-07-31,4.34,11.77,16.45
2011-08-01,7.69,3.7,16.21
2011-08-02,6.24,8.77,17.41
2011-08-03,4.2,12.92,16.77
2011-08-04,6.81,11.88,17.21
2011-08-05,4.02,20.35,17.65
2011-08-06,6.38,20.72,15.95
2011-08-07,5.11,12.06,16.51
2011-08-08,6.61,5.97,15.88
2011-08-09,5.74,20.84,15.53
2011-08-10,5.03,7.56,16.22
2011-08-11,5.93,6.0,15.59
2011-08-12,5.72,2.32,15.35
2011-08-13,5.29,10.25,15.67
2011-08-14,5.22,18.89,15.8
2011-08-15,5.67,7.54,15.74
2011-08-16,4.35,8.42,16.14
2011-08-17,4.43,8.02,16.06
2011-08-18,4.01,11.56,15.61
2011-08-19,4.16,5.53,15.09
2011-08-20,6.77,1.25,15.96
2011-08-21,7.18,3.23,16.6
2011-08-22,5.89,11.25,16.79
2011-08-23,3.81,4.37,17.32
2011-08-24,4.24,7.61,16.87
2011-08-25,6.31,23.27,16.46
2011-08-26,6.55,0.19,16.55
2011-08-27,7.63,0.45,15.91
2011-08-28,6.7,4.16,16.27
2011-08-29,6.1,0.65,15.43
2011-08-30,6.68,1.46,15.67
2011-08-31,7.17,0.55,16.08
2011-09-01,6.84,1.61,16.11
2011-09-02,5.99,1.21,16.06
2011-09-03,6.86,0.46,15.64
2011-09-04,6.72,0.26,15.13
2011-09-05,7.16,3.3,15.57
2011-09-06,6.09,17.38,16.34
2011-09-07,5.69,7.38,15.93
2011-09-08,5.03,0.84,16.02
2011-09-09,5.08,2.61,16.06
2011-09-10,6.1,4.66,15.9
2011-09-11,5.94,2.99,15.39
2011-09-12,4.35,3.22,16.11
2011-09-13,6.62,5.49,15.54
2011-09-14,6.23,11.53,15.63
2011-09-15,6.98,2.76,15.15
2011-09-16,4.96,7.86,15.52
2011-09-17,5.38,7.05,15.41
2011-09-18,5.58,6.56,15.33
2011-09-19,4.94,10.1,15.0
2011-09-20,5.05,11.18,14.98
2011-09-21,5.63,2.56,14.87
2011-09-22,4.34,2.01,15.21
2011-09-23,4.25,3.95,15.16
2011-09-24,4.24,18.88,14.38
2011-09-25,5.1,20.0,14.4
2011-09-26,5.64,6.23,13.68
2011-09-27,7.64,0.47,13.09
2011-09-28,7.07,0.0,13.35
2011-09-29,7.07,0.0,13.88
2011-09-30,7.73,0.0,13.33
2011-10-01,6.53,0.0,13.66
2011-10-02,7.23,0.01,13.53
2011-10-03,7.06,0.01,13.15
2011-10-04,7.41,0.05,13.18
2011-10-05,7.11,0.0,13.33
2011-10-06,7.77,0.0,13.6
2011-10-07,7.51,0.04,12.87
2011-10-08,7.45,3.73,12.09
2011-10-09,7.59,0.02,11.4
2011-10-10,7.91,0.0,11.47
2011-10-11,8.44,0.0,12.15
2011-10-12,7.49,0.0,12.86
2011-10-13,7.14,0.0,12.71
2011-10-14,7.12,0.0,13.26
2011-10-15,6.98,0.05,13.09
2011-10-16,7.36,0.27,12.09
2011-10-17,7.64,0.46,11.33
2011-10-18,8.55,0.28,10.81
2011-10-19,8.8,0.13,10.91
2011-10-20,7.1,0.53,10.65
2011-10-21,7.46,0.62,9.79
2011-10-22,8.46,0.03,9.83
2011-10-23,7.81,0.0,10.82
2011-10-24,7.82,0.0,11.29
2011-10-25,6.43,0.0,11.0
2011-10-26,8.31,0.01,9.52
2011-10-27,8.86,0.07,8.45
2011-10-28,8.34,0.0,7.86
2011-10-29,8.23,0.0,7.88
2011-10-30,8.81,0.0,8.0
2011-10-31,7.33,0.03,8.5
2011-11-01,7.18,0.21,8.82
2011-11-02,4.95,0.02,8.94
2011-11-03,7.22,0.0,8.96
2011-11-04,6.96,0.0,9.42
2011-11-05,6.49,0.0,9.35
2011-11-06,6.58,0.0,9.03
2011-11-07,9.38,0.0,8.4
2011-11-08,11.56,0.0,7.51
2011-11-09,8.62,0.0,8.03
2011-11-10,8.43,0.0,8.45
2011-11-11,8.04,0.0,9.41
2011-11-12,6.83,0.0,9.5
2011-11-13,5.85,0.0,9.29
2011-11-14,6.32,0.03,8.76
2011-11-15,6.44,0.17,8.32
2011-11-16,6.09,0.04,8.13
2011-11-17,7.86,0.0,7.86
2011-11-18,8.3,0.0,7.97
2011-11-19,9.32,0.0,8.25
2011-11-20,9.33,0.0,8.52
2011-11-21,9.37,0.0,8.56
2011-11-22,9.51,0.0,7.87
2011-11-23,9.55,0.0,7.96
2011-11-24,9.12,0.0,8.26
2011-11-25,8.55,0.0,7.54
2011-11-26,9.24,0.0,7.11
2011-11-27,9.35,0.0,6.71
2011-11-28,9.59,0.0,6.25
2011-11-29,9.51,0.0,6.15
2011-11-30,10.71,0.0,6.15
2011-12-01,10.78,0.0,6.6
2011-12-02,9.15,0.0,7.43
2011-12-03,8.57,0.06,7.64
2011-12-04,8.39,0.22,7.2
2011-12-05,8.21,0.03,6.31
2011-12-06,8.18,0.0,6.1
2011-12-07,9.48,0.0,5.48
2011-12-08,9.98,0.0,5.45
2011-12-09,9.7,0.0,4.96
2011-12-10,8.5,0.0,5.51
2011-12-11,8.88,0.0,5.09
2011-12-12,9.16,0.0,4.75
2011-12-13,9.21,0.0,5.51
2011-12-14,8.89,0.0,4.94
2011-12-15,9.45,0.0,4.14
2011-12-16,9.46,0.0,3.93
2011-12-17,8.84,0.0,3.9
2011-12-18,9.48,0.0,4.1
2011-12-19,10.47,0.0,3.76
2011-12-20,10.28,0.0,3.43
2011-12-21,11.45,0.0,2.99
2011-12-22,10.79,0.0,3.16
2011-12-23,10.88,0.0,3.39
2011-12-24,10.77,0.0,3.23
2011-12-25,10.13,0.0,3.25
2011-12-26,10.42,0.0,3.3
2011-12-27,11.32,0.0,3.08
2011-12-28,11.62,0.0,3.28
2011-12-29,10.33,0.0,3.31
2011-12-30,11.29,0.0,3.24
2011-12-31,10.57,0.49,3.34
2012-01-01,8.3,8.6,5.08
2012-01-02,6.45,0.93,6.7
2012-01-03,8.37,0.0,5.79
2012-01-04,8.46,0.0,5.36
2012-01-05,10.08,0.0,4.44
2012-01-06,10.89,0.01,4.17
2012-01-07,10.97,0.06,4.37
2012-01-08,8.79,0.03,3.75
2012-01-09,9.56,3.68,5.15
2012-01-10,11.29,0.01,4.41
2012-01-11,10.66,0.0,3.23
2012-01-12,10.07,0.0,3.16
2012-01-13,11.21,0.0,3.29
2012-01-14,11.51,0.0,2.83
2012-01-15,10.56,0.0,3.14
2012-01-16,8.78,0.23,4.29
2012-01-17,8.81,0.04,5.15
2012-01-18,9.59,0.16,4.61
2012-01-19,12.88,0.0,3.82
2012-01-20,8.69,0.0,5.29
2012-01-21,11.85,0.0,4.04
2012-01-22,11.58,0.0,3.41
2012-01-23,9.88,0.0,3.41
2012-01-24,12.02,0.0,3.3
2012-01-25,11.29,0.0,3.0
2012-01-26,11.7,0.0,2.95
2012-01-27,10.84,0.0,3.26
2012-01-28,11.81,0.0,3.06
2012-01-29,11.67,0.0,2.62
2012-01-30,12.39,0.0,2.4
2012-01-31,12.35,0.0,2.54
2012-02-01,11.18,0.0,2.56
2012-02-02,15.26,0.0,2.88
2012-02-03,13.57,0.0,3.26
2012-02-04,10.81,0.0,3.59
2012-02-05,11.08,0.0,3.98
2012-02-06,13.08,0.0,3.97
2012-02-07,13.77,0.58,3.67
2012-02-08,8.59,4.54,6.47
2012-02-09,10.96,0.0,4.9
2012-02-10,12.39,0.0,3.06
2012-02-11,11.77,0.0,2.91
2012-02-12,11.46,0.0,3.31
2012-02-13,10.82,0.19,4.54
2012-02-14,9.88,0.03,4.8
2012-02-15,10.2,0.0,4.29
2012-02-16,11.4,0.23,5.53
2012-02-17,10.46,0.01,5.01
2012-02-18,11.61,0.0,3.72
2012-02-19,11.38,0.0,3.56
2012-02-20,12.75,0.0,4.14
2012-02-21,10.89,0.0,5.03
2012-02-22,12.34,0.0,5.0
2012-02-23,13.81,0.0,4.33
2012-02-24,13.44,0.0,3.52
2012-02-25,13.09,0.0,3.32
2012-02-26,12.39,0.0,3.32
2012-02-27,13.31,0.0,2.88
2012-02-28,11.97,0.0,3.88
2012-02-29,11.99,0.0,4.34
2012-03-01,13.32,0.0,3.58
2012-03-02,13.25,0.0,3.24
2012-03-03,13.27,0.0,3.08
2012-03-04,14.52,0.0,3.65
2012-03-05,11.83,0.0,4.82
2012-03-06,12.1,0.0,5.34
2012-03-07,13.46,0.0,4.33
2012-03-08,13.45,0.0,2.55
2012-03-09,14.0,0.0,3.08
2012-03-10,13.93,0.0,2.58
2012-03-11,14.35,0.0,1.9
2012-03-12,15.55,2.36,2.59
2012-03-13,11.35,7.77,6.01
2012-03-14,12.24,0.0,5.32
2012-03-15,12.28,0.0,4.17
2012-03-16,15.64,0.0,3.13
2012-03-17,12.64,0.0,3.41
2012-03-18,12.9,0.0,4.13
2012-03-19,13.51,0.0,5.38
2012-03-20,12.55,0.0,5.8
2012-03-21,13.93,0.0,4.62
2012-03-22,13.84,0.0,3.26
2012-03-23,13.43,0.0,2.76
2012-03-24,12.57,0.0,2.78
2012-03-25,12.25,0.0,3.35
2012-03-26,12.81,0.03,3.91
2012-03-27,13.42,0.0,4.15
2012-03-28,13.28,0.01,4.1
2012-03-29,13.68,0.0,3.63
2012-03-30,12.72,0.0,3.88
2012-03-31,11.53,0.0,4.68
2012-04-01,13.97,0.0,5.02
2012-04-02,12.89,0.0,5.74
2012-04-03,12.15,0.41,6.46
2012-04-04,12.39,0.13,6.99
2012-04-05,12.43,0.16,6.66
2012-04-06,10.76,5.4,6.81
2012-04-07,13.01,0.61,6.54
2012-04-08,12.89,1.37,6.26
2012-04-09,11.78,0.16,6.91
2012-04-10,11.58,0.09,7.69
2012-04-11,11.9,1.1,8.02
2012-04-12,12.71,0.41,7.16
2012-04-13,15.96,0.01,5.76
2012-04-14,13.46,0.56,6.52
2012-04-15,11.73,0.36,6.6
2012-04-16,14.31,0.02,6.57
2012-04-17,14.85,0.0,6.41
2012-04-18,14.82,0.0,6.0
2012-04-19,14.45,0.0,6.04
2012-04-20,10.12,0.0,6.2
2012-04-21,11.03,0.06,6.5
2012-04-22,13.38,0.0,5.77
2012-04-23,15.5,0.0,4.9
2012-04-24,15.46,0.0,4.71
2012-04-25,16.01,0.11,4.6
2012-04-26,15.06,0.16,5.32
2012-04-27,14.86,0.02,5.07
2012-04-28,13.46,0.0,4.79
2012-04-29,14.08,0.0,5.11
2012-04-30,14.42,0.0,4.22
2012-05-01,16.33,0.0,3.38
2012-05-02,15.24,0.0,3.58
2012-05-03,15.33,0.0,3.45
2012-05-04,12.86,0.64,4.47
2012-05-05,11.69,0.66,6.84
2012-05-06,12.5,0.18,6.77
2012-05-07,13.8,0.05,6.36
2012-05-08,13.53,0.07,6.88
2012-05-09,12.78,0.33,7.75
2012-05-10,10.83,0.35,9.2
2012-05-11,10.17,0.08,10.52
2012-05-12,14.27,0.0,8.19
2012-05-13,14.59,0.0,6.36
2012-05-14,15.59,0.0,5.27
2012-05-15,13.72,0.0,4.86
2012-05-16,13.93,0.0,5.12
2012-05-17,14.79,0.0,5.5
2012-05-18,13.29,4.02,6.67
2012-05-19,14.3,0.12,6.98
2012-05-20,13.28,0.07,6.51
2012-05-21,13.14,0.43,5.89
2012-05-22,15.64,0.0,4.69
2012-05-23,14.22,0.0,4.59
2012-05-24,14.01,0.0,4.21
2012-05-25,13.17,0.0,4.78
2012-05-26,13.76,0.0,5.99
2012-05-27,13.41,0.08,8.06
2012-05-28,13.25,0.5,7.49
2012-05-29,12.31,0.0,9.97
2012-05-30,12.08,1.47,9.98
2012-05-31,9.91,10.21,13.15
2012-06-01,9.6,7.14,13.55
2012-06-02,9.41,13.32,14.38
2012-06-03,13.49,0.08,9.8
2012-06-04,13.16,0.38,7.72
2012-06-05,12.65,1.14,8.03
2012-06-06,12.54,0.23,8.93
2012-06-07,12.61,1.42,9.64
2012-06-08,11.83,1.97,9.83
2012-06-09,11.47,5.03,9.75
2012-06-10,13.23,0.08,8.48
2012-06-11,11.56,0.0,7.81
2012-06-12,12.65,0.0,8.58
2012-06-13,11.36,0.06,10.46
2012-06-14,12.2,0.49,9.02
2012-06-15,12.5,0.02,7.79
2012-06-16,12.41,0.51,8.15
2012-06-17,9.36,1.5,12.1
2012-06-18,8.38,1.02,14.44
2012-06-19,8.74,0.18,14.73
2012-06-20,11.08,1.52,14.67
2012-06-21,8.17,15.32,15.94
2012-06-22,4.46,7.8,15.46
2012-06-23,6.54,5.53,15.46
2012-06-24,8.61,6.66,15.9
2012-06-25,10.53,0.9,14.29
2012-06-26,10.13,0.04,9.9
2012-06-27,10.26,0.0,10.37
2012-06-28,10.05,0.0,12.37
2012-06-29,10.04,0.0,13.25
2012-06-30,10.42,0.02,13.35
2012-07-01,8.61,0.29,14.68
2012-07-02,9.55,7.22,15.09
2012-07-03,6.88,19.29,16.33
2012-07-04,9.35,5.38,14.78
2012-07-05,6.79,21.03,16.28
2012-07-06,6.38,16.21,16.01
2012-07-07,6.29,25.8,15.41
2012-07-08,6.87,2.16,15.39
2012-07-09,7.21,2.76,16.26
2012-07-10,7.09,1.74,16.01
2012-07-11,7.31,7.38,16.53
2012-07-12,4.86,12.5,17.4
2012-07-13,6.21,11.61,16.76
2012-07-14,7.17,25.44,16.45
2012-07-15,7.56,30.63,16.01
2012-07-16,6.34,19.26,16.62
2012-07-17,7.3,1.93,17.01
2012-07-18,5.6,4.78,17.2
2012-07-19,4.3,19.66,16.88
2012-07-20,7.81,2.54,15.75
2012-07-21,6.88,0.47,16.52
2012-07-22,5.0,2.88,16.73
2012-07-23,6.44,8.0,16.72
2012-07-24,5.73,23.83,16.78
2012-07-25,6.47,12.73,16.19
2012-07-26,6.22,2.65,17.28
2012-07-27,5.04,11.74,17.1
2012-07-28,6.45,6.34,16.71
2012-07-29,6.52,2.27,16.97
2012-07-30,7.97,1.1,16.34
2012-07-31,5.64,4.55,16.57
2012-08-01,5.77,1.21,16.83
2012-08-02,6.71,6.44,16.87
2012-08-03,5.03,25.3,16.72
2012-08-04,6.96,2.4,15.95
2012-08-05,6.4,1.13,15.74
2012-08-06,6.66,0.64,16.38
2012-08-07,7.14,0.58,16.32
2012-08-08,5.98,6.89,15.96
2012-08-09,6.91,6.44,15.32
2012-08-10,8.11,7.28,15.93
2012-08-11,5.82,7.71,16.21
2012-08-12,7.0,5.05,15.88
2012-08-13,6.18,5.27,15.48
2012-08-14,7.71,5.23,16.13
2012-08-15,6.5,9.46,16.44
2012-08-16,8.17,4.55,16.39
2012-08-17,6.64,14.1,17.03
2012-08-18,6.75,9.47,16.36
2012-08-19,7.01,5.6,16.74
2012-08-20,3.58,12.64,15.98
2012-08-21,6.98,13.59,15.67
2012-08-22,4.19,10.58,15.52
2012-08-23,5.74,7.46,15.35
2012-08-24,5.26,4.7,15.96
2012-08-25,7.53,5.46,16.24
2012-08-26,6.41,7.09,15.45
2012-08-27,6.4,7.03,15.3
2012-08-28,6.53,4.22,15.96
2012-08-29,5.78,5.57,16.15
2012-08-30,7.11,8.75,15.86
2012-08-31,6.59,15.25,15.9
2012-09-01,6.76,13.94,16.3
2012-09-02,5.33,13.55,15.97
2012-09-03,7.68,6.19,15.23
2012-09-04,6.76,10.97,15.05
2012-09-05,6.45,9.5,14.84
2012-09-06,6.18,1.58,14.52
2012-09-07,7.19,0.62,14.19
2012-09-08,7.37,16.62,14.6
2012-09-09,5.5,2.95,14.9
2012-09-10,6.64,8.21,15.28
2012-09-11,6.53,18.28,15.28
2012-09-12,5.79,23.07,15.1
2012-09-13,4.91,18.22,15.42
2012-09-14,6.09,13.87,15.37
2012-09-15,5.56,38.82,15.29
2012-09-16,5.36,51.74,15.5
2012-09-17,3.97,39.84,14.7
2012-09-18,5.69,7.32,14.17
2012-09-19,6.18,0.07,14.81
2012-09-20,6.06,0.01,15.04
2012-09-21,6.58,0.03,15.37
2012-09-22,6.85,0.44,15.23
2012-09-23,7.3,0.72,14.63
2012-09-24,6.99,0.19,13.6
2012-09-25,7.33,0.95,12.86
2012-09-26,7.91,1.99,12.52
2012-09-27,8.25,0.02,13.02
2012-09-28,7.75,0.0,13.41
2012-09-29,7.78,0.0,14.42
2012-09-30,6.71,0.92,15.34
2012-10-01,6.22,5.88,15.22
2012-10-02,6.36,3.79,14.87
2012-10-03,6.39,4.28,14.98
2012-10-04,6.37,0.58,14.54
2012-10-05,8.38,2.38,12.23
2012-10-06,7.43,0.07,11.09
2012-10-07,8.15,0.01,11.1
2012-10-08,8.19,1.11,12.3
2012-10-09,7.56,5.43,10.81
2012-10-10,7.89,1.33,10.49
2012-10-11,9.45,0.21,9.34
2012-10-12,7.72,0.0,11.1
2012-10-13,8.24,0.0,10.49
2012-10-14,7.97,0.0,9.76
2012-10-15,8.11,0.0,10.29
2012-10-16,7.84,0.0,10.46
2012-10-17,7.6,0.0,9.87
2012-10-18,8.32,0.0,9.4
2012-10-19,8.11,0.0,9.16
2012-10-20,8.38,0.02,9.08
2012-10-21,7.79,0.0,8.74
2012-10-22,9.73,0.0,8.07
2012-10-23,9.36,0.0,7.4
2012-10-24,8.64,1.3,8.0
2012-10-25,9.44,0.51,7.46
2012-10-26,9.25,0.03,6.34
2012-10-27,10.05,0.0,5.95
2012-10-28,10.45,0.0,6.01
2012-10-29,10.17,0.0,6.9
2012-10-30,10.01,0.0,6.68
2012-10-31,9.77,0.0,6.14
2012-11-01,9.27,0.0,7.02
2012-11-02,8.94,0.0,7.58
2012-11-03,9.04,0.04,7.75
2012-11-04,9.06,0.36,7.52
2012-11-05,9.89,0.12,6.93
2012-11-06,9.49,0.0,6.76
2012-11-07,9.58,0.0,7.07
2012-11-08,8.12,0.0,6.99
2012-11-09,8.72,0.0,6.92
2012-11-10,8.61,0.0,6.64
2012-11-11,9.84,0.0,5.54
2012-11-12,9.8,0.0,5.23
2012-11-13,9.58,0.0,6.21
2012-11-14,9.45,0.0,6.65
2012-11-15,9.37,0.0,6.5
2012-11-16,13.54,0.0,4.93
2012-11-17,10.97,0.0,4.64
2012-11-18,10.36,0.0,4.69
2012-11-19,11.13,0.0,4.2
2012-11-20,11.16,4.33,4.23
2012-11-21,9.81,0.95,5.54
2012-11-22,9.93,0.0,5.65
2012-11-23,10.27,0.0,5.3
2012-11-24,9.45,0.0,4.51
2012-11-25,10.16,0.0,4.76
2012-11-26,9.14,0.0,5.06
2012-11-27,9.65,0.0,5.16
2012-11-28,9.63,0.0,5.26
2012-11-29,9.49,0.0,5.25
2012-11-30,9.95,0.02,5.28
2012-12-01,10.49,0.0,4.92
2012-12-02,10.94,0.0,4.5
2012-12-03,12.09,0.0,4.22
2012-12-04,11.76,0.0,4.45
2012-12-05,10.35,0.0,4.74
2012-12-06,9.49,0.0,4.96
2012-12-07,10.1,0.0,4.9
2012-12-08,9.02,0.0,5.24
2012-12-09,9.29,0.0,5.32
2012-12-10,10.24,0.0,5.01
2012-12-11,9.69,0.0,4.0
2012-12-12,9.15,0.0,3.9
2012-12-13,9.17,0.0,4.16
2012-12-14,10.07,0.0,3.34
2012-12-15,10.97,0.0,4.03
2012-12-16,11.81,0.0,4.38
2012-12-17,12.23,0.0,4.93
2012-12-18,10.21,0.0,4.79
2012-12-19,10.26,0.0,4.54
2012-12-20,10.22,0.0,4.16
2012-12-21,11.37,0.0,3.54
2012-12-22,12.72,0.0,3.23
2012-12-23,17.03,0.0,2.56
2012-12-24,12.32,0.0,2.4
2012-12-25,11.48,0.0,2.63
2012-12-26,11.67,0.0,3.48
2012-12-27,11.36,0.0,3.89
2012-12-28,10.76,0.0,4.03
2012-12-29,11.91,0.0,3.03
2012-12-30,11.29,0.0,3.1
2012-12-31,10.85,0.0,3.8
2013-01-01,10.74,0.0,3.61
2013-01-02,11.65,0.06,2.88
2013-01-03,10.75,0.0,2.99
2013-01-04,11.64,0.0,2.77
2013-01-05,11.96,0.0,2.37
2013-01-06,12.17,0.0,1.82
2013-01-07,11.76,0.0,1.92
2013-01-08,11.32,0.0,2.35
2013-01-09,10.95,0.0,2.38
2013-01-10,11.58,0.0,2.93
2013-01-11,12.61,0.0,3.24
2013-01-12,12.45,0.0,3.02
2013-01-13,10.05,0.0,3.53
2013-01-14,10.94,0.0,4.25
2013-01-15,10.68,0.0,4.05
2013-01-16,11.59,0.0,3.22
2013-01-17,11.1,0.55,3.67
2013-01-18,12.52,2.03,4.18
2013-01-19,8.25,6.7,5.93
2013-01-20,12.0,0.0,3.55
2013-01-21,11.96,0.0,2.7
2013-01-22,12.11,0.0,2.4
2013-01-23,14.28,0.0,2.32
2013-01-24,12.99,0.0,2.19
2013-01-25,15.35,0.0,2.51
2013-01-26,13.39,0.0,3.05
2013-01-27,13.37,0.0,3.08
2013-01-28,13.94,0.0,2.93
2013-01-29,9.88,0.07,3.15
2013-01-30,14.46,0.0,3.42
2013-01-31,11.34,0.0,3.9
2013-02-01,9.81,0.0,3.71
2013-02-02,12.43,0.0,3.76
2013-02-03,11.83,0.0,4.24
2013-02-04,9.5,0.05,4.68
2013-02-05,9.52,1.06,5.36
2013-02-06,10.96,5.86,5.37
2013-02-07,11.45,1.38,5.83
2013-02-08,12.96,0.0,3.58
2013-02-09,16.6,0.0,3.35
2013-02-10,13.05,0.0,3.56
2013-02-11,13.27,0.0,3.19
2013-02-12,13.63,0.0,3.28
2013-02-13,12.8,0.0,3.21
2013-02-14,13.01,0.0,3.31
2013-02-15,8.41,0.5,3.64
2013-02-16,6.45,13.9,6.02
2013-02-17,8.08,16.3,6.61
2013-02-18,14.42,2.66,5.27
2013-02-19,14.0,0.46,5.27
2013-02-20,10.97,0.24,5.34
2013-02-21,15.65,0.02,4.79
2013-02-22,13.75,0.01,4.46
2013-02-23,11.92,0.22,4.02
2013-02-24,12.72,0.8,4.39
2013-02-25,16.69,0.11,4.7
2013-02-26,15.39,0.12,5.34
2013-02-27,14.69,0.0,3.87
2013-02-28,14.21,0.0,3.89
2013-03-01,15.96,0.0,4.26
2013-03-02,13.57,0.0,4.67
2013-03-03,15.91,0.0,4.5
2013-03-04,13.8,0.0,4.91
2013-03-05,11.28,0.0,5.91
2013-03-06,13.5,0.0,5.31
2013-03-07,11.97,9.99,5.9
2013-03-08,12.73,0.45,5.78
2013-03-09,12.56,0.01,6.17
2013-03-10,10.65,1.19,5.91
2013-03-11,13.35,0.49,5.67
2013-03-12,13.92,0.04,5.14
2013-03-13,11.54,0.0,5.63
2013-03-14,12.72,0.02,5.45
2013-03-15,12.38,0.05,5.41
2013-03-16,12.27,0.0,4.99
2013-03-17,9.65,0.0,4.61
2013-03-18,12.68,0.0,4.93
2013-03-19,12.54,0.0,5.27
2013-03-20,12.58,0.0,6.18
2013-03-21,10.9,2.81,6.8
2013-03-22,14.07,0.2,5.96
2013-03-23,11.43,0.02,5.46
2013-03-24,13.63,0.0,5.02
2013-03-25,14.17,0.0,5.29
2013-03-26,13.63,0.0,5.26
2013-03-27,13.19,0.0,5.03
2013-03-28,10.87,0.08,5.82
2013-03-29,12.5,0.03,6.32
2013-03-30,14.31,0.04,5.96
2013-03-31,13.65,0.06,6.54
2013-04-01,12.18,0.07,6.51
2013-04-02,13.38,0.0,5.85
2013-04-03,14.91,2.24,6.07
2013-04-04,13.3,0.09,5.75
2013-04-05,14.83,0.0,4.8
2013-04-06,13.76,0.0,4.14
2013-04-07,15.26,0.0,4.38
2013-04-08,15.5,0.0,5.7
2013-04-09,11.9,0.0,5.76
2013-04-10,15.39,0.08,5.32
2013-04-11,13.87,0.0,5.52
2013-04-12,14.32,0.0,5.46
2013-04-13,14.32,0.0,4.45
2013-04-14,15.83,0.0,4.41
2013-04-15,11.36,0.12,5.59
2013-04-16,11.82,0.4,6.34
2013-04-17,12.24,0.03,7.51
2013-04-18,13.89,0.81,6.75
2013-04-19,12.16,1.17,6.85
2013-04-20,5.8,11.96,9.45
2013-04-21,3.85,5.44,9.4
2013-04-22,8.03,0.82,8.69
2013-04-23,9.16,2.24,8.78
2013-04-24,10.76,0.97,8.67
2013-04-25,12.57,0.08,8.06
2013-04-26,12.45,0.33,7.95
2013-04-27,12.36,2.38,8.07
2013-04-28,12.41,0.1,7.44
2013-04-29,12.75,0.0,7.83
2013-04-30,14.16,0.0,7.14
2013-05-01,14.23,0.0,6.99
2013-05-02,13.63,0.32,5.22
2013-05-03,12.87,0.01,3.86
2013-05-04,15.25,0.0,4.53
2013-05-05,13.12,0.77,6.96
2013-05-06,13.23,1.08,7.38
2013-05-07,12.15,4.28,8.08
2013-05-08,13.17,2.04,7.21
2013-05-09,13.81,1.66,6.77
2013-05-10,13.56,9.99,7.59
2013-05-11,12.27,0.52,7.18
2013-05-12,13.49,2.44,6.66
2013-05-13,13.06,0.36,6.63
2013-05-14,12.02,0.0,7.4
2013-05-15,13.15,0.0,8.06
2013-05-16,12.03,2.21,7.89
2013-05-17,10.98,7.24,7.59
2013-05-18,11.92,0.84,7.21
2013-05-19,13.13,10.37,7.45
2013-05-20,10.64,27.91,8.98
2013-05-21,11.4,2.57,9.59
2013-05-22,10.16,1.42,10.68
2013-05-23,11.0,0.66,10.33
2013-05-24,13.61,0.08,8.73
2013-05-25,12.81,2.01,8.6
2013-05-26,11.31,3.93,9.4
2013-05-27,9.96,0.48,10.37
2013-05-28,11.16,0.4,9.62
2013-05-29,12.42,1.46,8.83
2013-05-30,9.75,15.27,9.88
2013-05-31,6.55,20.97,12.53
2013-06-01,7.1,2.58,12.38
2013-06-02,11.5,0.18,10.91
2013-06-03,11.25,0.15,10.35
2013-06-04,10.15,1.48,11.55
2013-06-05,10.05,7.38,12.69
2013-06-06,8.75,16.62,14.03
2013-06-07,7.87,22.84,15.02
2013-06-08,8.47,10.36,14.64
2013-06-09,9.26,2.68,14.81
2013-06-10,9.79,8.08,14.69
2013-06-11,9.16,4.35,15.14
2013-06-12,9.94,5.64,14.87
2013-06-13,8.79,0.43,14.9
2013-06-14,8.59,0.29,14.84
2013-06-15,5.32,1.45,14.37
2013-06-16,6.11,16.14,14.48
2013-06-17,8.63,46.09,14.37
2013-06-18,8.47,5.66,14.48
2013-06-19,7.3,5.39,14.95
2013-06-20,8.92,2.84,15.33
2013-06-21,6.97,23.06,16.13
2013-06-22,6.8,13.89,16.16
2013-06-23,6.77,29.78,16.35
2013-06-24,7.13,3.55,15.99
2013-06-25,6.64,8.46,16.32
2013-06-26,6.35,23.13,16.72
2013-06-27,6.18,16.58,16.55
2013-06-28,7.24,10.41,17.12
2013-06-29,5.89,8.72,16.87
2013-06-30,7.96,2.84,16.22
2013-07-01,6.84,2.34,17.02
2013-07-02,7.11,1.8,17.01
2013-07-03,5.56,2.86,16.76
2013-07-04,7.16,10.63,16.74
2013-07-05,5.66,22.69,16.33
2013-07-06,7.27,15.8,16.23
2013-07-07,6.5,7.91,16.18
2013-07-08,6.49,19.72,16.25
2013-07-09,6.11,20.36,15.94
2013-07-10,6.72,7.33,16.75
2013-07-11,6.47,0.41,16.51
2013-07-12,6.79,0.35,16.97
2013-07-13,5.95,0.33,16.42
2013-07-14,7.4,0.03,16.39
2013-07-15,7.24,0.07,16.88
2013-07-16,6.78,1.94,15.9
2013-07-17,7.09,10.2,16.47
2013-07-18,6.5,15.02,16.33
2013-07-19,5.65,15.3,16.37
2013-07-20,7.41,0.55,16.32
2013-07-21,6.51,0.19,16.92
2013-07-22,6.59,0.78,16.59
2013-07-23,7.65,1.59,16.11
2013-07-24,7.05,3.24,16.04
2013-07-25,7.03,3.43,16.26
2013-07-26,6.23,11.1,16.24
2013-07-27,5.45,6.21,15.95
2013-07-28,7.76,7.27,16.28
2013-07-29,6.49,3.85,17.01
2013-07-30,7.01,17.23,16.69
2013-07-31,6.89,10.87,16.92
2013-08-01,6.26,9.05,15.97
2013-08-02,6.95,6.7,15.54
2013-08-03,6.61,8.21,15.9
2013-08-04,6.97,5.83,15.99
2013-08-05,5.83,30.92,16.06
2013-08-06,7.07,13.89,15.93
2013-08-07,4.84,13.73,15.33
2013-08-08,7.27,9.37,16.0
2013-08-09,6.14,10.17,15.98
2013-08-10,5.71,2.31,15.54
2013-08-11,6.61,38.84,16.04
2013-08-12,7.08,45.16,15.85
2013-08-13,5.8,21.82,15.84
2013-08-14,6.54,4.87,15.51
2013-08-15,6.26,7.23,15.73
2013-08-16,5.51,21.94,16.2
2013-08-17,5.38,5.86,16.32
2013-08-18,5.79,12.28,16.08
2013-08-19,6.32,6.72,15.79
2013-08-20,5.3,1.59,16.26
2013-08-21,5.7,8.11,14.78
2013-08-22,6.51,4.68,15.34
2013-08-23,6.94,3.21,15.83
2013-08-24,7.04,3.58,16.81
2013-08-25,6.14,7.73,16.8
2013-08-26,5.55,13.7,14.34
2013-08-27,4.51,8.59,14.75
2013-08-28,5.95,3.61,15.28
2013-08-29,5.84,5.43,15.96
2013-08-30,6.01,4.6,15.73
2013-08-31,6.9,4.31,15.99
2013-09-01,5.91,15.57,16.47
2013-09-02,5.3,52.18,16.83
2013-09-03,3.86,23.08,16.37
2013-09-04,5.97,9.59,16.4
2013-09-05,6.54,2.79,16.55
2013-09-06,7.1,1.16,14.84
2013-09-07,7.22,0.89,13.61
2013-09-08,7.54,1.53,13.76
2013-09-09,7.27,6.25,14.56
2013-09-10,5.31,4.83,15.57
2013-09-11,5.74,0.57,15.3
2013-09-12,6.27,0.23,15.23
2013-09-13,8.19,1.71,14.08
2013-09-14,7.98,10.32,12.9
2013-09-15,7.83,2.24,12.86
2013-09-16,7.73,0.89,13.27
2013-09-17,7.95,0.09,13.42
2013-09-18,8.35,0.12,13.41
2013-09-19,6.86,0.46,14.02
2013-09-20,7.03,0.04,15.17
2013-09-21,5.4,2.67,15.51
2013-09-22,6.08,13.3,15.94
2013-09-23,6.93,0.54,15.87
2013-09-24,8.41,0.17,14.55
2013-09-25,5.86,1.15,14.4
2013-09-26,4.7,0.14,15.06
2013-09-27,5.79,4.46,14.91
2013-09-28,5.34,13.39,14.91
2013-09-29,5.43,1.93,13.91
2013-09-30,5.82,5.17,13.91
2013-10-01,6.96,5.83,14.17
2013-10-02,5.02,3.44,13.89
2013-10-03,5.67,8.16,14.03
2013-10-04,4.78,6.05,13.54
2013-10-05,4.91,11.59,14.17
2013-10-06,5.72,2.14,14.25
2013-10-07,6.79,0.34,13.36
2013-10-08,8.49,1.87,12.74
2013-10-09,7.68,3.82,13.02
2013-10-10,7.39,0.57,13.36
2013-10-11,6.74,0.06,12.73
2013-10-12,6.68,2.0,11.7
2013-10-13,4.82,14.17,12.32
2013-10-14,5.0,57.64,12.27
2013-10-15,5.24,10.78,12.26
2013-10-16,7.17,6.3,12.87
2013-10-17,6.82,3.49,13.06
2013-10-18,5.5,7.26,13.45
2013-10-19,6.65,4.33,12.34
2013-10-20,6.51,2.83,10.58
2013-10-21,7.58,2.92,10.64
2013-10-22,7.91,0.18,10.32
2013-10-23,8.75,0.0,10.61
2013-10-24,7.52,0.03,11.28
2013-10-25,7.4,0.01,11.41
2013-10-26,6.87,0.1,11.31
2013-10-27,6.22,0.52,11.44
2013-10-28,6.07,0.4,11.05
2013-10-29,8.26,0.03,9.97
2013-10-30,7.19,0.0,10.26
2013-10-31,6.68,0.13,9.86
2013-11-01,7.08,0.38,9.5
2013-11-02,7.16,0.5,9.65
2013-11-03,7.17,1.92,8.8
2013-11-04,7.78,0.0,8.14
2013-11-05,7.62,0.0,8.62
2013-11-06,8.11,0.0,8.46
2013-11-07,8.12,0.0,7.78
2013-11-08,8.41,0.0,7.32
2013-11-09,9.04,0.0,6.6
2013-11-10,9.1,0.0,6.19
2013-11-11,11.03,0.0,6.02
2013-11-12,9.24,0.0,6.06
2013-11-13,9.49,0.0,6.02
2013-11-14,8.97,0.0,6.27
2013-11-15,8.65,0.0,6.18
2013-11-16,9.21,0.0,6.39
2013-11-17,9.44,0.0,6.53
2013-11-18,8.34,0.0,6.89
2013-11-19,9.39,0.0,7.21
2013-11-20,7.74,0.0,7.46
2013-11-21,8.5,0.0,7.8
2013-11-22,7.89,0.0,7.83
2013-11-23,9.07,0.0,7.84
2013-11-24,8.78,0.0,7.61
2013-11-25,8.36,0.0,7.54
2013-11-26,8.63,0.0,7.68
2013-11-27,8.59,0.0,8.34
2013-11-28,7.27,0.0,8.88
2013-11-29,7.62,0.0,8.58
2013-11-30,8.05,0.0,7.31
2013-12-01,8.53,0.0,6.82
2013-12-02,8.32,0.0,6.91
2013-12-03,8.76,0.0,6.28
2013-12-04,9.32,0.0,5.04
2013-12-05,8.45,0.0,5.67
2013-12-06,9.22,0.0,6.2
2013-12-07,8.15,0.0,6.57
2013-12-08,8.07,0.0,7.0
2013-12-09,8.59,0.0,7.07
2013-12-10,8.57,0.0,7.03
2013-12-11,8.43,0.0,6.94
2013-12-12,8.34,0.0,6.43
2013-12-13,8.29,0.0,6.22
2013-12-14,9.83,0.0,5.43
2013-12-15,10.16,0.0,5.11
2013-12-16,9.7,0.0,5.2
2013-12-17,7.71,0.0,6.31
2013-12-18,4.93,0.0,6.98
2013-12-19,7.15,0.01,6.81
2013-12-20,9.19,0.03,6.28
2013-12-21,7.62,0.0,6.58
2013-12-22,10.3,0.0,4.81
2013-12-23,9.47,0.0,4.96
2013-12-24,10.4,0.0,5.3
2013-12-25,9.57,0.0,5.18
2013-12-26,10.08,0.0,4.5
2013-12-27,9.81,0.0,4.02
2013-12-28,8.02,0.0,4.95
2013-12-29,10.55,0.0,5.18
2013-12-30,8.91,0.0,4.06
2013-12-31,9.47,0.06,3.8
2014-01-01,9.58,0.04,5.91
2014-01-02,9.98,0.0,5.47
2014-01-03,10.71,0.0,4.79
2014-01-04,9.13,0.0,4.28
2014-01-05,9.65,0.0,4.15
2014-01-06,9.29,0.0,4.63
2014-01-07,10.17,0.0,4.52
2014-01-08,10.03,0.0,3.87
2014-01-09,9.8,0.04,3.9
2014-01-10,10.99,0.01,4.8
2014-01-11,10.9,0.29,4.58
2014-01-12,12.72,0.0,5.39
2014-01-13,9.86,0.0,5.39
2014-01-14,9.68,0.0,4.96
2014-01-15,9.92,0.0,4.31
2014-01-16,10.01,0.0,4.41
2014-01-17,9.9,0.03,4.2
2014-01-18,8.68,7.8,4.97
2014-01-19,11.48,0.71,5.14
2014-01-20,14.65,0.0,4.85
2014-01-21,9.9,0.0,4.93
2014-01-22,7.99,0.0,5.75
2014-01-23,8.99,0.0,5.68
2014-01-24,8.06,0.0,4.93
2014-01-25,11.15,0.0,4.48
2014-01-26,11.15,0.0,4.57
2014-01-27,11.94,0.0,4.02
2014-01-28,14.98,0.0,4.06
2014-01-29,10.32,0.0,4.3
2014-01-30,10.89,0.0,3.78
2014-01-31,11.62,0.0,3.36
2014-02-01,12.64,0.0,3.77
2014-02-02,12.78,0.0,4.11
2014-02-03,10.97,0.0,4.47
2014-02-04,10.76,0.0,4.42
2014-02-05,10.41,0.0,5.27
2014-02-06,12.0,0.0,4.92
2014-02-07,10.46,0.0,5.91
2014-02-08,11.48,0.0,5.17
2014-02-09,12.29,0.0,4.74
2014-02-10,13.3,0.0,3.23
2014-02-11,9.76,0.0,3.67
2014-02-12,12.22,0.0,3.36
2014-02-13,11.68,0.0,3.25
2014-02-14,9.37,5.52,5.51
2014-02-15,11.02,4.18,6.19
2014-02-16,10.37,6.55,5.33
2014-02-17,12.52,0.12,4.43
2014-02-18,16.48,0.08,3.36
2014-02-19,10.92,0.0,4.03
2014-02-20,10.71,0.0,4.22
2014-02-21,11.8,0.02,3.86
2014-02-22,9.05,0.1,5.49
2014-02-23,11.68,0.08,5.79
2014-02-24,13.07,0.0,5.74
2014-02-25,9.86,0.01,5.58
2014-02-26,6.74,0.83,5.13
2014-02-27,5.45,0.56,5.76
2014-02-28,8.23,0.19,5.86
2014-03-01,9.19,0.94,6.68
2014-03-02,11.5,1.0,5.81
2014-03-03,11.34,0.07,5.59
2014-03-04,11.36,0.0,4.7
2014-03-05,10.42,0.0,4.54
2014-03-06,11.27,0.0,4.88
2014-03-07,12.9,0.34,4.31
2014-03-08,11.84,0.0,4.07
2014-03-09,11.24,0.0,4.58
2014-03-10,11.87,0.0,4.66
2014-03-11,11.89,0.0,4.69
2014-03-12,11.72,0.0,4.97
2014-03-13,14.06,0.0,5.29
2014-03-14,11.46,0.0,5.45
2014-03-15,12.31,0.0,4.66
2014-03-16,11.97,0.0,5.46
2014-03-17,11.76,0.0,6.68
2014-03-18,11.81,0.0,7.17
2014-03-19,10.96,0.0,6.31
2014-03-20,12.13,0.03,4.83
2014-03-21,11.32,2.21,5.31
2014-03-22,10.75,12.3,6.04
2014-03-23,12.11,0.41,5.98
2014-03-24,10.77,0.54,5.98
2014-03-25,12.35,1.14,6.21
2014-03-26,14.52,0.77,5.91
2014-03-27,12.8,0.04,6.25
2014-03-28,11.95,0.0,6.61
2014-03-29,14.02,0.0,6.3
2014-03-30,12.95,0.0,5.53
2014-03-31,12.91,0.0,4.24
2014-04-01,13.37,0.0,4.07
2014-04-02,13.71,0.0,3.77
2014-04-03,14.07,1.07,5.06
2014-04-04,11.83,0.03,6.14
2014-04-05,10.68,0.0,6.72
2014-04-06,11.8,0.13,7.26
2014-04-07,12.32,3.38,7.96
2014-04-08,14.93,4.26,6.41
2014-04-09,14.92,0.66,5.32
2014-04-10,12.86,0.0,4.25
2014-04-11,12.93,0.0,3.93
2014-04-12,14.06,0.0,4.16
2014-04-13,13.7,0.01,4.94
2014-04-14,12.23,0.01,6.0
2014-04-15,13.56,0.0,6.29
2014-04-16,12.09,0.01,6.33
2014-04-17,13.24,0.01,5.99
2014-04-18,14.8,0.17,5.59
2014-04-19,11.72,0.0,6.68
2014-04-20,14.43,0.0,5.84
2014-04-21,15.07,0.0,4.58
2014-04-22,14.99,0.0,4.2
2014-04-23,14.76,0.0,4.48
2014-04-24,13.91,0.03,6.19
2014-04-25,13.11,1.13,6.04
2014-04-26,13.21,0.03,5.86
2014-04-27,14.02,1.63,6.19
2014-04-28,14.02,0.16,5.01
2014-04-29,14.82,0.0,4.62
2014-04-30,14.09,0.05,5.45
2014-05-01,12.73,5.65,7.3
2014-05-02,8.89,22.16,9.54
2014-05-03,8.95,3.22,9.72
2014-05-04,8.4,18.95,10.58
2014-05-05,11.22,5.77,10.11
2014-05-06,10.93,2.02,9.87
2014-05-07,11.14,0.04,9.62
2014-05-08,9.48,0.47,9.73
2014-05-09,13.73,0.88,7.88
2014-05-10,13.13,0.01,5.89
2014-05-11,14.53,0.0,6.64
2014-05-12,10.72,0.02,7.24
2014-05-13,12.07,1.01,7.49
2014-05-14,13.5,0.01,6.87
2014-05-15,12.04,0.02,7.69
2014-05-16,13.32,0.0,6.68
2014-05-17,12.55,0.01,7.3
2014-05-18,12.61,0.0,8.27
2014-05-19,13.4,0.44,7.94
2014-05-20,13.3,0.01,6.89
2014-05-21,15.13,0.0,6.07
2014-05-22,13.81,0.01,6.14
2014-05-23,13.8,0.38,6.74
2014-05-24,11.11,2.88,9.7
2014-05-25,9.13,9.4,12.19
2014-05-26,6.41,37.82,13.2
2014-05-27,7.41,6.79,12.86
2014-05-28,9.75,4.5,13.05
2014-05-29,10.02,1.22,12.18
2014-05-30,11.63,2.86,11.55
2014-05-31,10.2,8.71,12.35
2014-06-01,10.15,0.79,13.13
2014-06-02,10.19,0.22,13.08
2014-06-03,10.8,4.07,11.7
2014-06-04,10.94,2.39,10.11
2014-06-05,11.36,6.1,9.92
2014-06-06,10.55,1.54,11.46
2014-06-07,9.24,5.98,13.68
2014-06-08,10.88,3.15,13.03
2014-06-09,10.67,4.78,11.55
2014-06-10,10.62,13.27,11.93
2014-06-11,11.24,2.63,11.75
2014-06-12,11.59,0.69,9.79
2014-06-13,10.22,1.58,9.86
2014-06-14,10.4,8.75,11.61
2014-06-15,9.82,9.6,13.01
2014-06-16,10.22,6.3,13.9
2014-06-17,6.15,17.19,15.83
2014-06-18,8.04,4.35,15.49
2014-06-19,8.65,4.91,16.17
2014-06-20,8.42,9.6,16.65
2014-06-21,7.36,24.34,16.81
2014-06-22,7.57,20.41,16.4
2014-06-23,8.6,7.74,15.05
2014-06-24,8.31,1.26,14.7
2014-06-25,7.77,2.41,14.52
2014-06-26,7.7,1.95,14.56
2014-06-27,8.96,5.62,15.24
2014-06-28,7.25,16.61,16.56
2014-06-29,6.8,27.9,16.24
2014-06-30,6.34,18.87,15.92
2014-07-01,4.61,36.43,15.85
2014-07-02,6.44,3.47,15.78
2014-07-03,7.52,5.75,16.33
2014-07-04,5.5,16.83,17.17
2014-07-05,3.7,4.26,17.0
2014-07-06,5.12,9.27,16.79
2014-07-07,5.11,5.91,17.19
2014-07-08,6.7,4.81,17.5
2014-07-09,5.31,9.99,17.03
2014-07-10,6.2,15.92,16.7
2014-07-11,4.99,8.18,17.25
2014-07-12,5.6,0.34,17.26
2014-07-13,5.27,1.54,17.9
2014-07-14,6.26,11.98,17.72
2014-07-15,3.22,17.84,17.66
2014-07-16,4.83,8.15,16.75
2014-07-17,5.84,11.44,17.64
2014-07-18,6.06,6.48,17.18
2014-07-19,6.65,14.81,17.65
2014-07-20,6.33,10.49,17.6
2014-07-21,5.36,13.21,17.4
2014-07-22,6.87,8.3,17.14
2014-07-23,5.14,16.67,16.51
2014-07-24,5.26,19.82,16.64
2014-07-25,6.44,10.88,16.74
2014-07-26,5.64,7.4,16.65
2014-07-27,6.08,2.8,16.98
2014-07-28,5.47,6.86,16.32
2014-07-29,6.3,6.87,16.93
2014-07-30,5.33,8.15,17.33
2014-07-31,5.32,3.79,17.65
2014-08-01,4.97,2.07,17.19
2014-08-02,5.14,5.6,17.72
2014-08-03,5.87,11.72,17.2
2014-08-04,6.16,21.17,16.93
2014-08-05,5.98,0.27,17.16
2014-08-06,6.9,0.22,16.89
2014-08-07,4.88,4.16,17.21
2014-08-08,6.27,13.93,16.86
2014-08-09,6.16,6.53,17.45
2014-08-10,5.2,5.48,17.92
2014-08-11,5.31,5.21,17.87
2014-08-12,5.75,9.55,17.95
2014-08-13,4.06,13.04,18.63
2014-08-14,2.75,42.42,18.04
2014-08-15,3.16,26.34,15.9
2014-08-16,5.59,1.73,15.38
2014-08-17,5.98,6.28,16.54
2014-08-18,5.5,0.34,16.58
2014-08-19,4.77,4.37,16.44
2014-08-20,5.36,26.53,16.3
2014-08-21,3.34,8.15,16.5
2014-08-22,6.46,3.8,15.9
2014-08-23,6.46,14.0,16.04
2014-08-24,5.77,11.96,16.47
2014-08-25,5.79,5.42,16.12
2014-08-26,6.49,25.53,16.32
2014-08-27,5.35,4.54,15.58
2014-08-28,5.81,14.85,15.32
2014-08-29,4.49,2.2,15.62
2014-08-30,6.74,5.46,15.5
2014-08-31,4.36,15.74,15.98
2014-09-01,4.43,1.82,15.74
2014-09-02,6.62,0.11,16.13
2014-09-03,6.85,0.22,16.3
2014-09-04,5.72,1.02,16.53
2014-09-05,5.33,0.99,16.44
2014-09-06,6.38,4.73,16.57
2014-09-07,5.32,7.56,17.01
2014-09-08,4.33,8.6,16.27
2014-09-09,3.74,16.61,15.28
2014-09-10,5.31,15.1,15.37
2014-09-11,4.02,14.67,15.48
2014-09-12,5.54,4.12,15.38
2014-09-13,4.99,8.96,15.24
2014-09-14,4.25,8.33,13.97
2014-09-15,6.13,2.76,14.08
2014-09-16,7.25,3.15,14.24
2014-09-17,7.36,2.43,15.81
2014-09-18,6.06,2.69,16.35
2014-09-19,6.25,35.21,15.47
2014-09-20,4.65,34.06,16.2
2014-09-21,6.04,3.7,14.6
2014-09-22,7.11,5.14,14.63
2014-09-23,6.94,3.31,14.29
2014-09-24,5.24,8.43,14.45
2014-09-25,5.67,18.07,14.59
2014-09-26,5.9,3.3,13.73
2014-09-27,6.77,3.75,13.39
2014-09-28,5.66,0.55,13.8
2014-09-29,5.53,2.31,13.35
2014-09-30,5.52,0.33,12.55
2014-10-01,7.35,0.0,12.17
2014-10-02,7.43,0.0,12.52
2014-10-03,6.81,0.03,13.74
2014-10-04,6.17,0.29,14.17
2014-10-05,6.42,0.15,14.34
2014-10-06,6.7,2.36,13.51
2014-10-07,7.02,0.81,13.17
2014-10-08,6.77,0.0,12.6
2014-10-09,7.4,0.56,12.27
2014-10-10,7.06,1.85,12.42
2014-10-11,8.41,0.04,10.43
2014-10-12,8.02,2.82,10.44
2014-10-13,5.98,3.79,10.68
2014-10-14,4.14,51.56,11.59
2014-10-15,8.26,0.4,11.39
2014-10-16,9.74,0.0,9.3
2014-10-17,8.62,0.01,9.79
2014-10-18,7.94,0.06,8.62
2014-10-19,9.12,0.01,8.59
2014-10-20,8.03,0.07,9.57
2014-10-21,7.45,0.88,10.07
2014-10-22,7.98,0.04,10.58
2014-10-23,8.06,0.0,11.1
2014-10-24,6.64,0.0,11.29
2014-10-25,7.53,0.51,10.83
2014-10-26,7.23,0.51,10.09
2014-10-27,7.05,0.37,10.1
2014-10-28,6.59,3.84,9.8
2014-10-29,7.15,0.28,9.64
2014-10-30,6.33,0.0,9.71
2014-10-31,7.97,0.0,8.28
2014-11-01,7.95,0.0,8.76
2014-11-02,7.54,0.0,8.53
2014-11-03,7.99,0.0,8.87
2014-11-04,7.87,0.0,8.89
2014-11-05,7.27,0.0,8.78
2014-11-06,8.91,0.0,9.08
2014-11-07,8.18,0.0,9.24
2014-11-08,7.6,0.0,9.93
2014-11-09,7.65,0.0,9.3
2014-11-10,7.85,0.0,8.76
2014-11-11,8.29,0.0,8.04
2014-11-12,9.32,0.0,6.41
2014-11-13,9.03,0.0,5.87
2014-11-14,8.33,0.0,6.94
2014-11-15,8.56,0.0,7.39
2014-11-16,7.51,0.0,7.18
2014-11-17,8.36,0.0,6.76
2014-11-18,8.75,0.0,7.06
2014-11-19,7.7,0.0,7.15
2014-11-20,7.42,0.0,6.57
2014-11-21,7.8,0.0,6.82
2014-11-22,8.26,0.0,6.21
2014-11-23,9.49,0.0,5.62
2014-11-24,9.4,0.0,5.14
2014-11-25,7.95,0.0,5.8
2014-11-26,9.12,0.0,5.8
2014-11-27,7.91,0.0,6.04
2014-11-28,8.55,0.0,6.42
2014-11-29,9.18,0.0,6.41
2014-11-30,9.76,0.0,6.57
2014-12-01,8.81,0.0,6.67
2014-12-02,8.92,0.0,6.53
2014-12-03,8.47,0.0,6.53
2014-12-04,8.57,0.0,6.53
2014-12-05,8.37,0.0,5.74
2014-12-06,8.86,0.0,5.42
2014-12-07,8.01,0.0,5.39
2014-12-08,8.95,0.0,5.67
2014-12-09,9.53,0.0,5.08
2014-12-10,9.6,0.0,4.01
2014-12-11,7.96,0.0,3.75
2014-12-12,9.84,0.0,3.54
2014-12-13,9.48,0.03,4.16
2014-12-14,7.57,10.52,7.15
2014-12-15,9.31,0.67,6.49
2014-12-16,8.47,8.4,6.34
2014-12-17,12.19,0.0,4.64
2014-12-18,15.77,0.0,3.96
2014-12-19,11.13,0.0,4.53
2014-12-20,9.77,0.0,4.93
2014-12-21,9.97,0.0,4.81
2014-12-22,9.43,0.0,4.41
2014-12-23,9.96,0.0,4.46
2014-12-24,10.39,0.0,4.01
2014-12-25,10.05,0.0,4.4
2014-12-26,10.58,0.0,4.2
2014-12-27,9.93,0.0,3.87
2014-12-28,11.13,0.0,4.05
2014-12-29,10.03,0.0,4.01
2014-12-30,10.62,0.0,3.37
2014-12-31,11.29,0.0,3.48
2015-01-01,8.81,1.1,5.09
2015-01-02,6.34,2.74,7.1
2015-01-03,10.23,3.92,7.77
2015-01-04,9.7,1.35,6.5
2015-01-05,12.84,0.0,5.48
2015-01-06,9.5,0.0,5.12
2015-01-07,8.49,0.03,4.9
2015-01-08,7.27,0.34,5.13
2015-01-09,12.91,0.0,3.68
2015-01-10,15.17,0.0,3.61
2015-01-11,13.03,0.0,3.84
2015-01-12,10.44,0.0,3.87
2015-01-13,10.21,0.0,4.29
2015-01-14,9.96,0.0,4.63
2015-01-15,9.65,0.0,4.35
2015-01-16,10.76,0.0,3.98
2015-01-17,12.71,0.0,3.83
2015-01-18,13.75,0.0,3.79
2015-01-19,11.49,0.0,3.89
2015-01-20,12.42,0.0,3.72
2015-01-21,10.67,0.0,3.6
2015-01-22,10.59,0.0,3.74
2015-01-23,9.11,0.42,4.95
2015-01-24,11.49,0.01,4.41
2015-01-25,11.2,0.0,4.3
2015-01-26,10.53,0.01,4.36
2015-01-27,7.05,0.07,5.93
2015-01-28,10.12,0.01,4.69
2015-01-29,11.14,0.0,4.58
2015-01-30,10.64,0.0,4.24
2015-01-31,13.07,0.0,3.37
2015-02-01,12.07,0.0,3.63
2015-02-02,11.83,0.01,4.12
2015-02-03,12.16,0.43,4.39
2015-02-04,10.16,0.55,5.24
2015-02-05,10.52,0.01,4.84
2015-02-06,12.15,0.0,4.71
2015-02-07,10.65,0.0,4.29
2015-02-08,10.53,0.0,4.15
2015-02-09,10.82,0.0,4.11
2015-02-10,11.19,0.0,4.11
2015-02-11,11.93,0.0,3.86
2015-02-12,9.72,0.0,4.01
2015-02-13,10.73,0.0,4.36
2015-02-14,10.35,0.0,4.03
2015-02-15,9.97,0.0,4.64
2015-02-16,12.34,0.0,4.87
2015-02-17,8.79,0.16,5.86
2015-02-18,10.04,2.42,6.42
2015-02-19,8.82,4.02,6.34
2015-02-20,11.69,0.0,5.67
2015-02-21,10.62,0.05,6.0
2015-02-22,13.38,0.41,5.23
2015-02-23,11.4,0.02,5.49
2015-02-24,11.15,0.0,6.38
2015-02-25,9.66,0.0,6.56
2015-02-26,9.04,0.42,6.3
2015-02-27,11.98,0.31,6.11
2015-02-28,12.38,0.01,5.09
2015-03-01,6.94,7.56,6.47
2015-03-02,5.3,17.75,7.25
2015-03-03,9.77,2.3,6.6
2015-03-04,8.25,0.47,6.59
2015-03-05,13.48,0.0,4.89
2015-03-06,13.03,0.0,4.93
2015-03-07,12.94,0.0,5.16
2015-03-08,12.41,0.0,4.4
2015-03-09,14.9,0.0,3.9
2015-03-10,15.29,0.0,3.8
2015-03-11,15.2,0.0,4.56
2015-03-12,13.48,0.0,4.88
2015-03-13,11.73,0.06,4.9
2015-03-14,11.16,3.54,6.13
2015-03-15,11.75,0.63,6.11
2015-03-16,11.88,0.9,7.14
2015-03-17,12.29,0.04,5.81
2015-03-18,10.0,1.11,6.34
2015-03-19,13.29,0.07,5.57
2015-03-20,12.08,0.0,6.21
2015-03-21,12.09,0.0,6.55
2015-03-22,12.11,0.1,6.46
2015-03-23,11.47,5.37,7.43
2015-03-24,12.32,0.82,7.48
2015-03-25,11.74,0.48,8.06
2015-03-26,7.66,9.38,9.58
2015-03-27,6.83,12.18,10.0
2015-03-28,11.59,0.63,9.5
2015-03-29,10.1,0.1,9.5
2015-03-30,7.47,12.57,9.51
2015-03-31,11.19,0.28,8.11
2015-04-01,10.84,0.09,8.39
2015-04-02,10.68,1.71,8.7
2015-04-03,12.8,2.01,8.04
2015-04-04,11.67,1.99,7.75
2015-04-05,9.91,1.41,7.07
2015-04-06,13.02,0.02,6.88
2015-04-07,14.17,0.01,6.86
2015-04-08,10.91,0.0,6.94
2015-04-09,12.52,0.0,6.0
2015-04-10,12.55,0.0,6.78
2015-04-11,13.26,0.03,6.1
2015-04-12,13.91,1.48,5.98
2015-04-13,8.12,8.56,7.73
2015-04-14,7.15,0.13,9.0
2015-04-15,9.34,1.02,8.83
2015-04-16,11.78,1.05,8.91
2015-04-17,7.72,4.59,9.5
2015-04-18,7.99,5.91,9.6
2015-04-19,13.14,0.07,8.14
2015-04-20,12.03,0.36,8.75
2015-04-21,12.79,3.75,8.78
2015-04-22,10.36,6.72,8.0
2015-04-23,12.82,0.33,5.78
2015-04-24,11.57,0.91,6.94
2015-04-25,5.19,0.74,9.96
2015-04-26,9.94,1.3,8.72
2015-04-27,9.24,2.91,9.85
2015-04-28,7.38,8.18,10.89
2015-04-29,7.45,8.76,10.27
2015-04-30,9.53,4.46,10.35
2015-05-01,11.7,1.39,9.6
2015-05-02,13.75,1.48,7.96
2015-05-03,12.51,0.78,6.96
2015-05-04,14.5,0.07,5.88
2015-05-05,14.19,0.02,5.8
2015-05-06,13.14,0.64,6.47
2015-05-07,11.38,0.51,7.28
2015-05-08,11.72,0.0,8.03
2015-05-09,9.8,0.9,9.55
2015-05-10,11.17,3.61,10.15
2015-05-11,10.51,15.9,10.05
2015-05-12,9.43,7.31,10.67
2015-05-13,10.92,0.69,10.08
2015-05-14,10.87,0.04,9.23
2015-05-15,9.22,0.06,9.47
2015-05-16,10.77,0.77,10.34
2015-05-17,9.05,0.58,10.22
2015-05-18,9.61,1.01,11.2
2015-05-19,9.94,5.6,13.21
2015-05-20,10.93,3.63,11.66
2015-05-21,12.81,2.19,9.17
2015-05-22,14.71,0.64,7.33
2015-05-23,12.95,2.38,6.94
2015-05-24,13.22,1.5,7.31
2015-05-25,13.3,0.1,7.73
2015-05-26,12.38,3.63,8.26
2015-05-27,11.59,2.05,8.1
2015-05-28,12.6,0.13,7.81
2015-05-29,12.75,0.1,8.66
2015-05-30,12.25,8.88,8.67
2015-05-31,12.97,1.47,8.66
2015-06-01,12.91,0.66,7.97
2015-06-02,12.14,0.82,8.47
2015-06-03,13.85,0.45,9.19
2015-06-04,9.67,9.06,12.14
2015-06-05,9.78,0.2,11.26
2015-06-06,11.25,0.06,8.93
2015-06-07,12.49,0.03,7.64
2015-06-08,12.07,1.37,8.98
2015-06-09,13.15,5.66,10.23
2015-06-10,12.38,3.12,10.23
2015-06-11,8.57,11.88,11.72
2015-06-12,10.54,8.72,11.6
2015-06-13,11.33,3.74,12.01
2015-06-14,10.49,4.6,12.85
2015-06-15,10.68,1.71,12.92
2015-06-16,9.72,2.37,13.15
2015-06-17,8.53,2.41,14.28
2015-06-18,10.21,4.2,14.24
2015-06-19,8.79,10.69,15.88
2015-06-20,8.44,19.63,16.57
2015-06-21,7.13,10.75,16.42
2015-06-22,5.57,1.49,15.74
2015-06-23,9.08,6.88,15.77
2015-06-24,7.52,13.81,16.54
2015-06-25,8.2,9.12,16.0
2015-06-26,8.14,13.35,16.39
2015-06-27,6.74,12.25,16.28
2015-06-28,5.88,5.33,15.73
2015-06-29,7.35,0.26,15.08
2015-06-30,8.54,6.05,15.82
2015-07-01,5.7,30.4,16.74
2015-07-02,6.7,3.59,16.72
2015-07-03,7.35,10.04,16.97
2015-07-04,6.92,7.51,16.74
2015-07-05,7.26,18.91,17.2
2015-07-06,5.66,10.63,17.09
2015-07-07,7.42,5.01,15.68
2015-07-08,4.26,6.51,16.49
2015-07-09,7.39,5.86,15.99
2015-07-10,6.08,5.46,15.95
2015-07-11,6.24,3.32,16.03
2015-07-12,7.55,0.08,16.92
2015-07-13,5.86,0.13,17.17
2015-07-14,5.87,3.6,17.67
2015-07-15,6.29,27.62,17.56
2015-07-16,5.47,34.65,17.46
2015-07-17,7.19,2.23,15.61
2015-07-18,5.42,4.06,15.6
2015-07-19,7.41,7.8,16.16
2015-07-20,7.02,15.78,16.47
2015-07-21,6.72,5.45,16.09
2015-07-22,6.77,7.08,16.22
2015-07-23,4.85,4.52,16.32
2015-07-24,5.15,13.07,16.45
2015-07-25,5.88,7.99,16.55
2015-07-26,7.38,3.59,15.78
2015-07-27,6.44,1.87,15.35
2015-07-28,6.59,4.63,15.98
2015-07-29,6.24,8.47,16.98
2015-07-30,6.91,29.78,16.53
2015-07-31,7.79,8.52,14.25
2015-08-01,7.69,10.98,14.84
2015-08-02,6.04,6.95,15.66
2015-08-03,5.78,0.2,16.39
2015-08-04,5.92,0.92,16.62
2015-08-05,5.87,5.28,16.84
2015-08-06,5.95,13.0,16.44
2015-08-07,5.24,19.24,16.54
2015-08-08,6.45,5.16,16.41
2015-08-09,6.42,3.21,17.02
2015-08-10,7.48,15.61,17.44
2015-08-11,5.3,18.1,17.08
2015-08-12,5.48,13.26,16.96
2015-08-13,6.27,1.56,17.28
2015-08-14,4.26,3.35,17.47
2015-08-15,4.93,9.34,17.05
2015-08-16,5.55,10.58,17.02
2015-08-17,4.33,51.23,17.12
2015-08-18,5.54,13.3,16.72
2015-08-19,5.81,16.88,17.72
2015-08-20,3.89,33.35,17.76
2015-08-21,4.83,41.62,17.2
2015-08-22,6.04,5.93,16.6
2015-08-23,6.36,0.41,16.75
2015-08-24,6.64,0.48,17.05
2015-08-25,5.73,4.68,17.23
2015-08-26,3.61,18.55,16.97
2015-08-27,3.54,15.54,16.48
2015-08-28,5.75,13.01,16.5
2015-08-29,4.69,5.59,17.22
2015-08-30,5.54,12.81,17.22
2015-08-31,5.58,18.31,17.01
2015-09-01,5.79,1.65,16.67
2015-09-02,7.07,3.73,15.99
2015-09-03,6.67,10.14,15.41
2015-09-04,5.88,1.51,15.78
2015-09-05,6.22,1.88,15.51
2015-09-06,6.79,0.28,15.0
2015-09-07,6.0,2.09,14.76
2015-09-08,7.13,3.7,14.59
2015-09-09,6.7,0.16,15.51
2015-09-10,5.96,4.39,16.6
2015-09-11,4.56,14.33,16.2
2015-09-12,5.28,23.43,14.8
2015-09-13,6.42,4.02,15.05
2015-09-14,5.62,16.53,16.08
2015-09-15,4.23,4.14,15.67
2015-09-16,5.15,0.06,14.39
2015-09-17,5.48,0.2,15.69
2015-09-18,5.83,0.01,15.85
2015-09-19,6.62,1.17,15.83
2015-09-20,2.88,7.53,16.4
2015-09-21,5.1,7.66,15.65
2015-09-22,4.67,10.82,16.38
2015-09-23,5.97,12.37,16.16
2015-09-24,7.22,1.62,15.6
2015-09-25,6.64,0.21,13.81
2015-09-26,6.7,0.53,13.03
2015-09-27,6.43,0.5,13.07
2015-09-28,7.8,0.71,12.95
2015-09-29,7.61,0.29,12.78
2015-09-30,7.35,0.0,13.72
2015-10-01,6.75,0.07,14.22
2015-10-02,6.59,7.63,13.62
2015-10-03,7.93,0.24,12.18
2015-10-04,7.8,0.0,11.69
2015-10-05,8.33,0.0,10.48
2015-10-06,8.0,0.0,10.23
2015-10-07,9.05,0.0,10.07
2015-10-08,8.39,0.0,10.26
2015-10-09,7.43,0.21,11.16
2015-10-10,7.15,4.64,11.63
2015-10-11,6.82,13.54,11.98
2015-10-12,5.93,0.64,11.77
2015-10-13,7.46,2.14,12.03
2015-10-14,6.37,4.03,12.22
2015-10-15,7.22,4.11,10.87
2015-10-16,6.54,5.04,11.23
2015-10-17,7.36,0.1,11.18
2015-10-18,6.82,0.0,11.34
2015-10-19,7.2,0.0,11.75
2015-10-20,7.43,0.01,11.59
2015-10-21,7.58,0.05,10.13
2015-10-22,7.34,0.09,9.24
2015-10-23,9.06,0.57,8.02
2015-10-24,7.92,0.01,8.05
2015-10-25,7.99,0.0,9.19
2015-10-26,7.81,0.0,9.03
2015-10-27,8.11,0.0,7.57
2015-10-28,8.21,0.11,7.66
2015-10-29,6.47,7.15,8.1
2015-10-30,5.18,1.15,7.5
2015-10-31,8.19,0.18,8.37
2015-11-01,8.39,0.0,9.44
2015-11-02,8.17,0.0,9.82
2015-11-03,8.03,0.02,9.27
2015-11-04,8.54,0.06,8.41
2015-11-05,8.9,0.0,7.98
2015-11-06,8.7,0.0,7.69
2015-11-07,9.1,0.0,7.91
2015-11-08,7.82,0.0,7.66
2015-11-09,8.84,0.0,7.0
2015-11-10,9.15,0.02,6.94
2015-11-11,9.06,0.01,7.61
2015-11-12,8.43,0.0,7.52
2015-11-13,7.72,0.0,7.71
2015-11-14,7.29,0.0,8.53
2015-11-15,8.19,0.0,8.54
2015-11-16,8.41,0.0,7.58
2015-11-17,8.28,0.02,6.96
2015-11-18,9.46,0.03,6.5
2015-11-19,9.79,0.0,5.8
2015-11-20,9.14,0.0,6.6
2015-11-21,8.88,0.0,7.13
2015-11-22,8.3,0.0,7.41
2015-11-23,6.65,0.0,7.46
2015-11-24,6.82,0.0,7.58
2015-11-25,7.8,0.0,7.38
2015-11-26,6.97,0.0,7.52
2015-11-27,7.66,0.0,7.17
2015-11-28,5.65,0.0,6.85
2015-11-29,7.71,0.0,6.49
2015-11-30,8.79,0.0,6.17
2015-12-01,8.75,0.0,6.68
2015-12-02,8.19,0.0,6.41
2015-12-03,8.86,0.0,6.42
2015-12-04,10.28,0.0,5.97
2015-12-05,8.15,0.0,6.35
2015-12-06,8.21,0.0,6.89
2015-12-07,7.53,0.0,7.36
2015-12-08,7.26,0.0,6.95
2015-12-09,8.24,0.0,6.63
2015-12-10,8.59,0.0,5.99
2015-12-11,9.3,0.0,4.9
2015-12-12,10.67,0.0,5.46
2015-12-13,9.79,0.0,4.97
2015-12-14,10.7,0.0,3.83
2015-12-15,9.5,0.0,4.16
2015-12-16,9.8,0.0,4.7
2015-12-17,10.27,0.0,4.54
2015-12-18,9.17,0.0,3.8
2015-12-19,9.71,0.0,3.72
2015-12-20,9.38,0.0,3.52
2015-12-21,8.91,0.0,3.32
2015-12-22,10.02,0.0,3.32
2015-12-23,11.41,0.0,2.99
2015-12-24,9.22,0.0,2.88
2015-12-25,11.68,0.0,3.13
2015-12-26,11.37,0.0,3.19
2015-12-27,11.38,0.0,3.46
2015-12-28,9.07,0.0,3.69
2015-12-29,10.07,0.0,4.24
2015-12-30,9.84,0.0,4.97
2015-12-31,9.44,0.0,4.86
2016-01-01,12.39,0.0,3.78
2016-01-02,9.53,0.0,3.48
2016-01-03,9.68,0.0,3.33
2016-01-04,10.73,0.0,3.36
2016-01-05,8.69,0.0,3.79
2016-01-06,9.05,0.0,3.97
2016-01-07,10.28,0.0,4.37
2016-01-08,9.59,0.0,4.58
2016-01-09,9.65,0.0,4.69
2016-01-10,11.17,0.0,3.66
2016-01-11,9.71,0.0,3.76
2016-01-12,8.77,0.0,4.17
2016-01-13,8.83,0.0,4.37
2016-01-14,10.98,0.0,4.15
2016-01-15,8.91,0.0,4.2
2016-01-16,10.95,0.0,3.33
2016-01-17,10.53,0.0,3.05
2016-01-18,10.61,0.0,2.79
2016-01-19,10.03,0.08,3.5
2016-01-20,7.87,1.91,5.79
2016-01-21,12.33,0.56,4.39
2016-01-22,11.55,0.01,3.37
2016-01-23,10.27,0.0,2.99
2016-01-24,10.37,0.0,2.76
2016-01-25,9.53,0.0,2.83
2016-01-26,10.23,0.0,3.06
2016-01-27,9.75,0.0,3.14
2016-01-28,11.5,0.0,2.95
2016-01-29,11.74,0.0,3.31
2016-01-30,10.96,0.0,4.2
2016-01-31,11.17,0.0,4.69
2016-02-01,11.36,0.0,4.15
2016-02-02,11.1,0.0,3.31
2016-02-03,12.39,0.0,2.94
2016-02-04,11.22,0.0,2.86
2016-02-05,11.6,0.0,3.09
2016-02-06,9.68,0.0,3.37
2016-02-07,11.48,0.01,3.36
2016-02-08,8.75,3.21,5.29
2016-02-09,9.94,0.03,5.58
2016-02-10,10.42,0.0,4.85
2016-02-11,11.66,0.0,3.59
2016-02-12,15.21,0.0,2.77
2016-02-13,13.43,0.0,2.92
2016-02-14,13.11,0.0,3.19
2016-02-15,14.83,0.0,2.8
2016-02-16,13.53,0.0,3.6
2016-02-17,13.27,0.0,4.11
2016-02-18,13.07,0.0,3.81
2016-02-19,11.84,0.0,5.36
2016-02-20,10.86,0.0,6.3
2016-02-21,12.19,0.0,6.31
2016-02-22,11.85,0.0,4.9
2016-02-23,11.53,0.0,3.43
2016-02-24,11.15,0.0,3.18
2016-02-25,14.43,0.0,2.39
2016-02-26,11.3,0.0,2.81
2016-02-27,11.92,0.02,3.72
2016-02-28,11.21,0.39,4.32
2016-02-29,11.64,6.71,5.35
2016-03-01,11.36,1.11,5.63
2016-03-02,12.4,0.66,4.43
2016-03-03,12.71,0.39,4.21
2016-03-04,12.61,0.88,4.72
2016-03-05,13.64,1.5,5.02
2016-03-06,13.32,1.65,4.79
2016-03-07,11.7,0.03,4.96
2016-03-08,11.03,0.01,5.48
2016-03-09,12.81,0.0,4.83
2016-03-10,12.67,0.0,4.45
2016-03-11,12.65,0.0,4.58
2016-03-12,14.45,0.03,5.08
2016-03-13,9.37,0.3,7.02
2016-03-14,12.25,2.21,7.2
2016-03-15,12.24,0.56,6.46
2016-03-16,12.84,0.05,5.28
2016-03-17,10.97,0.0,4.54
2016-03-18,13.15,0.0,4.77
2016-03-19,13.69,0.0,5.55
2016-03-20,13.08,0.0,5.31
2016-03-21,13.23,0.06,4.54
2016-03-22,13.63,0.0,3.44
2016-03-23,14.71,0.0,2.79
2016-03-24,14.25,0.0,2.84
2016-03-25,12.73,0.0,3.56
2016-03-26,11.78,0.0,3.86
2016-03-27,12.61,0.01,4.49
2016-03-28,10.87,4.11,6.4
2016-03-29,12.05,0.55,5.37
2016-03-30,11.48,4.47,5.32
2016-03-31,12.93,3.33,5.24
2016-04-01,12.73,1.14,5.42
2016-04-02,12.71,0.0,7.2
2016-04-03,11.84,0.0,8.1
2016-04-04,10.76,0.15,8.12
2016-04-05,12.83,0.93,6.96
2016-04-06,15.16,0.01,6.05
2016-04-07,13.03,0.0,5.7
2016-04-08,13.86,0.0,5.39
2016-04-09,14.27,0.0,4.46
2016-04-10,15.75,0.0,3.94
2016-04-11,13.49,0.0,4.94
2016-04-12,14.13,0.0,4.84
2016-04-13,14.98,0.0,4.72
2016-04-14,13.59,0.08,4.99
2016-04-15,15.32,0.02,4.78
2016-04-16,12.35,0.1,5.43
2016-04-17,11.57,0.34,6.07
2016-04-18,13.79,0.59,6.06
2016-04-19,14.56,1.11,6.55
2016-04-20,13.61,0.03,6.7
2016-04-21,14.86,0.02,5.27
2016-04-22,14.21,0.01,4.16
2016-04-23,12.37,0.43,5.35
2016-04-24,13.83,0.03,3.68
2016-04-25,16.65,0.0,2.69
2016-04-26,15.59,0.0,2.53
2016-04-27,12.97,0.0,3.1
2016-04-28,14.76,0.02,3.5
2016-04-29,15.73,0.0,3.0
2016-04-30,16.74,0.03,3.05
2016-05-01,13.39,0.05,3.62
2016-05-02,11.42,0.0,5.88
2016-05-03,11.38,0.23,9.32
2016-05-04,6.47,2.3,10.52
2016-05-05,10.2,0.46,9.09
2016-05-06,9.62,0.58,8.13
2016-05-07,9.95,1.22,8.12
2016-05-08,8.06,0.34,8.38
2016-05-09,11.2,0.2,8.96
2016-05-10,11.3,3.28,9.69
2016-05-11,10.61,1.48,10.15
2016-05-12,8.2,4.05,11.49
2016-05-13,7.72,5.92,11.86
2016-05-14,11.19,2.05,10.76
2016-05-15,12.72,3.33,10.1
2016-05-16,12.3,5.35,9.62
2016-05-17,13.33,7.73,8.77
2016-05-18,12.0,3.67,9.5
2016-05-19,10.55,0.41,12.17
2016-05-20,8.29,10.06,13.64
2016-05-21,8.49,8.57,13.65
2016-05-22,12.26,0.05,11.76
2016-05-23,9.94,2.48,12.12
2016-05-24,10.93,1.62,11.32
2016-05-25,10.08,7.3,10.7
2016-05-26,9.69,4.54,9.09
2016-05-27,11.35,6.82,9.63
2016-05-28,8.34,5.77,10.96
2016-05-29,10.01,11.88,11.56
2016-05-30,10.3,0.7,11.12
2016-05-31,9.94,7.57,10.73
2016-06-01,11.52,1.06,10.76
2016-06-02,10.09,5.14,12.27
2016-06-03,9.65,0.32,13.4
2016-06-04,8.1,2.19,14.21
2016-06-05,8.21,6.83,14.1
2016-06-06,6.98,5.08,14.59
2016-06-07,8.59,4.1,13.98
2016-06-08,10.34,8.69,12.29
2016-06-09,10.26,13.29,12.79
2016-06-10,9.03,7.43,12.99
2016-06-11,10.17,5.47,11.91
2016-06-12,9.62,15.6,13.51
2016-06-13,8.47,4.18,13.71
2016-06-14,8.05,7.88,14.12
2016-06-15,7.25,20.37,15.03
2016-06-16,7.2,10.36,15.29
2016-06-17,6.77,1.68,15.55
2016-06-18,6.31,4.38,16.26
2016-06-19,5.16,7.2,16.11
2016-06-20,4.78,17.52,16.32
2016-06-21,3.59,22.96,16.51
2016-06-22,5.85,11.46,16.57
2016-06-23,6.89,2.48,16.01
2016-06-24,6.18,7.94,16.37
2016-06-25,4.99,6.23,16.89
2016-06-26,7.33,5.14,16.84
2016-06-27,6.15,9.06,16.99
2016-06-28,5.47,3.63,17.24
2016-06-29,4.75,21.92,17.33
2016-06-30,5.89,22.01,17.03
2016-07-01,4.14,29.71,16.88
2016-07-02,6.28,8.38,15.96
2016-07-03,3.86,8.68,17.46
2016-07-04,5.81,7.93,17.37
2016-07-05,5.67,2.63,17.26
2016-07-06,5.43,1.19,17.61
2016-07-07,6.35,1.95,17.84
2016-07-08,4.16,1.32,17.88
2016-07-09,5.94,4.43,17.46
2016-07-10,5.02,4.09,17.45
2016-07-11,4.99,4.51,16.47
2016-07-12,6.27,0.51,17.47
2016-07-13,5.5,2.25,17.36
2016-07-14,4.76,14.06,17.79
2016-07-15,4.23,20.49,18.43
2016-07-16,5.73,11.1,17.73
2016-07-17,4.27,7.45,16.58
2016-07-18,6.27,18.78,16.95
2016-07-19,5.84,11.22,17.57
2016-07-20,4.74,22.83,18.44
2016-07-21,3.65,23.31,17.1
2016-07-22,5.54,38.87,16.72
2016-07-23,4.87,7.61,16.14
2016-07-24,4.98,9.7,16.79
2016-07-25,4.7,28.31,16.63
2016-07-26,5.45,45.25,15.84
2016-07-27,5.2,3.71,15.9
2016-07-28,3.6,7.12,15.98
2016-07-29,5.76,0.29,15.86
2016-07-30,4.95,4.49,16.36
2016-07-31,5.83,5.35,16.41
2016-08-01,6.09,8.66,15.99
2016-08-02,6.14,2.25,16.55
2016-08-03,5.37,1.03,16.79
2016-08-04,5.43,2.24,17.52
2016-08-05,5.74,3.15,17.68
2016-08-06,5.7,5.4,16.72
2016-08-07,5.28,0.53,16.58
2016-08-08,6.12,1.46,17.03
2016-08-09,5.79,1.09,16.62
2016-08-10,5.06,2.15,16.59
2016-08-11,6.06,7.17,16.42
2016-08-12,6.25,2.91,16.71
2016-08-13,5.87,2.7,17.05
2016-08-14,5.18,2.31,17.19
2016-08-15,4.53,2.96,17.23
2016-08-16,5.33,12.18,17.38
2016-08-17,4.67,6.95,17.39
2016-08-18,4.38,0.33,16.3
2016-08-19,7.01,0.24,16.46
2016-08-20,5.74,1.57,17.4
2016-08-21,5.38,3.66,18.03
2016-08-22,4.09,8.55,17.02
2016-08-23,5.92,0.75,16.51
2016-08-24,4.16,1.67,15.85
2016-08-25,6.93,2.28,15.73
2016-08-26,5.03,9.64,15.97
2016-08-27,6.93,0.31,15.26
2016-08-28,6.46,1.28,16.15
2016-08-29,5.72,5.24,16.26
2016-08-30,5.49,6.05,16.13
2016-08-31,5.76,7.89,16.73
2016-09-01,4.87,12.32,16.74
2016-09-02,5.57,10.99,17.03
2016-09-03,3.92,12.59,17.04
2016-09-04,5.03,12.09,16.72
2016-09-05,6.11,4.12,16.57
2016-09-06,6.15,4.66,16.6
2016-09-07,4.58,13.8,16.35
2016-09-08,5.31,14.08,15.93
2016-09-09,5.88,5.5,16.78
2016-09-10,3.9,21.79,16.57
2016-09-11,3.89,21.98,15.43
2016-09-12,4.98,24.03,15.51
2016-09-13,3.12,2.74,15.07
2016-09-14,6.52,3.48,14.96
2016-09-15,6.41,1.28,15.76
2016-09-16,5.7,6.17,15.53
2016-09-17,5.84,17.05,15.69
2016-09-18,4.6,8.03,15.71
2016-09-19,5.54,3.13,15.92
2016-09-20,5.64,13.96,16.55
2016-09-21,3.88,11.17,14.98
2016-09-22,6.53,1.28,14.37
2016-09-23,5.93,2.66,14.38
2016-09-24,3.41,6.55,14.09
2016-09-25,5.34,8.36,13.84
2016-09-26,5.96,1.34,13.54
2016-09-27,7.61,3.8,13.7
2016-09-28,7.0,1.28,14.58
2016-09-29,6.37,2.41,14.48
2016-09-30,5.91,2.04,15.26
2016-10-01,4.06,5.59,15.92
2016-10-02,5.38,5.65,16.03
2016-10-03,6.04,7.18,15.35
2016-10-04,5.21,8.48,14.79
2016-10-05,5.79,4.62,16.14
2016-10-06,5.51,3.09,15.67
2016-10-07,6.25,2.45,14.59
2016-10-08,6.73,5.11,14.68
2016-10-09,5.45,8.47,14.23
2016-10-10,7.85,10.43,13.5
2016-10-11,5.4,2.43,12.56
2016-10-12,8.05,0.05,11.01
2016-10-13,7.72,0.05,10.73
2016-10-14,6.7,1.06,11.59
2016-10-15,7.17,0.01,11.82
2016-10-16,6.17,0.0,12.25
2016-10-17,6.65,2.51,11.92
2016-10-18,7.61,4.95,11.07
2016-10-19,6.81,0.4,10.8
2016-10-20,7.25,0.0,10.67
2016-10-21,7.93,0.0,10.25
2016-10-22,7.46,0.0,10.11
2016-10-23,8.12,0.0,9.68
2016-10-24,8.16,0.0,9.4
2016-10-25,8.09,0.0,9.18
2016-10-26,8.09,0.0,7.84
2016-10-27,8.14,0.0,7.85
2016-10-28,7.65,0.0,9.17
2016-10-29,7.57,0.0,9.51
2016-10-30,8.22,0.0,8.48
2016-10-31,8.86,0.0,8.65
2016-11-01,8.71,0.0,8.06
2016-11-02,8.46,0.0,7.97
2016-11-03,8.96,0.0,7.16
2016-11-04,7.87,0.0,7.17
2016-11-05,8.36,0.0,7.44
2016-11-06,8.9,0.0,6.95
2016-11-07,7.96,0.0,6.82
2016-11-08,9.9,0.0,6.79
2016-11-09,8.84,0.0,7.54
2016-11-10,8.78,0.0,8.28
2016-11-11,8.42,0.0,8.22
2016-11-12,8.33,0.0,7.9
2016-11-13,8.56,0.0,7.18
2016-11-14,8.58,0.0,6.37
2016-11-15,9.05,0.0,5.41
2016-11-16,10.12,0.0,4.99
2016-11-17,9.86,0.0,5.5
2016-11-18,8.07,0.0,6.4
2016-11-19,8.29,0.0,7.01
2016-11-20,8.15,0.0,7.62
2016-11-21,9.06,0.0,7.71
2016-11-22,9.0,0.0,6.86
2016-11-23,8.28,0.0,7.12
2016-11-24,7.71,0.0,7.54
2016-11-25,8.9,0.0,7.06
2016-11-26,10.1,0.0,7.33
2016-11-27,8.3,0.0,8.09
2016-11-28,8.29,0.0,8.02
2016-11-29,8.7,0.0,8.44
2016-11-30,7.39,0.0,8.95
2016-12-01,7.38,0.0,9.22
2016-12-02,7.32,0.0,9.06
2016-12-03,9.7,0.0,6.54
2016-12-04,11.9,0.0,5.12
2016-12-05,8.77,0.0,5.21
2016-12-06,8.98,0.0,5.22
2016-12-07,9.82,0.0,5.77
2016-12-08,9.11,0.0,6.0
2016-12-09,9.6,0.0,5.77
2016-12-10,9.84,0.0,5.2
2016-12-11,9.82,0.0,4.65
2016-12-12,9.98,0.0,4.79
2016-12-13,9.54,0.0,4.63
2016-12-14,10.66,0.0,4.16
2016-12-15,11.4,0.0,4.2
2016-12-16,9.45,0.0,5.23
2016-12-17,9.07,0.0,6.48
2016-12-18,8.8,0.0,5.95
2016-12-19,9.38,0.0,5.24
2016-12-20,9.62,0.0,4.39
2016-12-21,9.84,0.0,4.43
2016-12-22,8.92,0.0,4.86
2016-12-23,9.17,0.0,6.09
2016-12-24,9.02,0.0,6.75
2016-12-25,10.89,0.0,5.61
2016-12-26,6.94,0.0,5.88
2016-12-27,11.55,0.0,4.59
2016-12-28,9.2,0.0,4.32
2016-12-29,9.31,0.0,4.94
2016-12-30,9.25,0.0,5.8
2016-12-31,8.92,0.0,5.5
2017-01-01,7.52,0.02,5.54
2017-01-02,8.26,0.48,4.96
2017-01-03,9.43,0.01,4.8
2017-01-04,9.85,0.0,4.48
2017-01-05,8.85,0.0,4.39
2017-01-06,9.1,0.0,4.49
2017-01-07,11.15,0.0,3.86
2017-01-08,11.8,0.0,4.11
2017-01-09,8.13,0.0,4.76
2017-01-10,9.58,0.0,5.44
2017-01-11,9.06,0.0,4.34
2017-01-12,9.67,0.0,2.59
2017-01-13,11.2,0.0,2.13
2017-01-14,12.04,0.0,2.5
2017-01-15,11.95,0.0,2.84
2017-01-16,10.66,0.0,3.35
2017-01-17,11.14,0.0,3.66
2017-01-18,10.81,0.0,3.89
2017-01-19,11.83,0.0,3.31
2017-01-20,13.18,0.0,3.14
2017-01-21,11.31,0.0,3.4
2017-01-22,12.19,0.0,3.47
2017-01-23,12.36,0.0,3.56
2017-01-24,10.79,0.0,3.98
2017-01-25,11.74,0.0,3.96
2017-01-26,10.44,0.0,4.46
2017-01-27,11.13,6.98,5.54
2017-01-28,11.37,1.12,5.72
2017-01-29,10.74,0.9,4.96
2017-01-30,10.67,0.0,5.3
2017-01-31,9.89,0.0,4.72
2017-02-01,11.18,0.0,4.46
2017-02-02,11.3,0.0,4.68
2017-02-03,11.74,0.0,4.71
2017-02-04,11.44,0.0,4.82
2017-02-05,11.41,0.0,4.7
2017-02-06,11.49,0.0,4.78
2017-02-07,12.64,0.0,4.73
2017-02-08,11.79,0.0,4.01
2017-02-09,11.77,0.0,3.48
2017-02-10,12.37,0.0,3.25
2017-02-11,11.64,0.0,2.97
2017-02-12,11.48,0.0,2.94
2017-02-13,11.92,0.0,3.15
2017-02-14,12.52,0.0,3.7
2017-02-15,12.26,0.0,3.67
2017-02-16,12.97,0.0,4.03
2017-02-17,11.54,0.0,4.36
2017-02-18,11.73,0.0,5.02
2017-02-19,9.64,0.0,6.01
2017-02-20,11.19,0.0,6.34
2017-02-21,12.83,0.01,5.46
2017-02-22,11.43,0.02,5.29
2017-02-23,13.17,0.0,3.7
2017-02-24,14.37,0.0,3.34
2017-02-25,11.29,0.0,3.2
2017-02-26,13.17,0.0,3.32
2017-02-27,12.23,0.0,3.74
2017-02-28,11.8,0.0,3.94
2017-03-01,12.82,0.0,4.13
2017-03-02,13.19,0.45,4.94
2017-03-03,10.85,0.02,4.52
2017-03-04,11.65,0.0,3.5
2017-03-05,12.21,0.0,3.71
2017-03-06,12.82,0.0,3.24
2017-03-07,11.51,0.0,2.93
2017-03-08,11.85,0.13,2.99
2017-03-09,7.7,0.27,4.94
2017-03-10,8.71,8.16,6.56
2017-03-11,7.79,16.62,6.86
2017-03-12,8.98,2.81,5.08
2017-03-13,13.99,0.0,3.53
2017-03-14,13.56,0.0,3.66
2017-03-15,11.07,0.0,3.63
2017-03-16,11.95,0.03,3.94
2017-03-17,11.94,2.36,4.97
2017-03-18,11.47,1.92,5.03
2017-03-19,8.61,0.18,4.74
2017-03-20,9.92,6.41,5.94
2017-03-21,15.2,0.01,4.84
2017-03-22,13.11,0.0,5.22
2017-03-23,12.75,0.03,6.29
2017-03-24,13.06,1.19,6.63
2017-03-25,14.03,6.04,6.33
2017-03-26,12.2,3.37,7.11
2017-03-27,13.08,0.1,6.66
2017-03-28,12.0,1.48,7.99
2017-03-29,10.12,4.58,8.88
2017-03-30,13.11,1.15,7.28
2017-03-31,11.88,0.5,6.95
2017-04-01,11.8,3.62,7.02
2017-04-02,11.79,4.76,6.84
2017-04-03,14.51,4.62,5.89
2017-04-04,13.76,1.04,5.66
2017-04-05,13.09,9.63,6.77
2017-04-06,14.42,1.06,7.7
2017-04-07,14.01,1.11,7.31
2017-04-08,13.86,2.62,6.73
2017-04-09,14.59,0.03,4.73
2017-04-10,14.16,0.0,3.83
2017-04-11,13.82,0.0,3.97
2017-04-12,14.26,0.0,4.22
2017-04-13,13.82,0.0,5.49
2017-04-14,12.19,0.35,7.09
2017-04-15,8.86,4.09,8.68
2017-04-16,15.54,0.0,6.94
2017-04-17,14.61,0.0,7.62
2017-04-18,12.03,0.02,9.06
2017-04-19,9.63,2.04,10.54
2017-04-20,9.18,4.74,11.02
2017-04-21,11.45,3.95,10.0
2017-04-22,10.67,9.61,9.95
2017-04-23,10.94,11.67,9.97
2017-04-24,11.28,0.09,9.42
2017-04-25,13.14,0.01,7.37
2017-04-26,13.89,0.02,6.08
2017-04-27,14.24,0.01,5.81
2017-04-28,12.9,0.15,6.04
2017-04-29,13.75,4.5,7.34
2017-04-30,14.26,1.39,7.14
2017-05-01,10.28,12.54,7.88
2017-05-02,13.53,0.42,7.17
2017-05-03,11.32,3.73,7.95
2017-05-04,11.91,5.72,8.04
2017-05-05,11.5,1.97,7.3
2017-05-06,11.37,1.44,7.71
2017-05-07,12.64,0.08,8.13
2017-05-08,10.23,4.26,9.99
2017-05-09,12.09,5.71,11.53
2017-05-10,9.44,0.57,11.38
2017-05-11,10.06,1.44,11.12
2017-05-12,9.52,8.49,11.56
2017-05-13,9.08,0.2,11.98
2017-05-14,9.07,0.94,11.45
2017-05-15,10.77,19.36,12.46
2017-05-16,10.57,2.1,12.56
2017-05-17,9.48,6.52,12.61
2017-05-18,11.77,1.9,9.62
2017-05-19,11.49,1.64,9.9
2017-05-20,12.43,0.19,9.79
2017-05-21,10.4,4.08,10.29
2017-05-22,11.72,1.1,9.66
2017-05-23,13.18,1.0,10.31
2017-05-24,10.2,1.16,11.43
2017-05-25,10.87,1.97,11.54
2017-05-26,10.75,16.39,13.2
2017-05-27,7.44,6.73,13.28
2017-05-28,7.65,4.53,12.96
2017-05-29,10.68,2.95,11.97
2017-05-30,7.97,6.53,13.13
2017-05-31,10.63,0.38,11.29
2017-06-01,9.13,1.45,12.53
2017-06-02,9.25,4.32,11.72
2017-06-03,12.02,0.2,10.13
2017-06-04,11.67,0.23,10.69
2017-06-05,10.21,18.12,13.88
2017-06-06,5.62,1.51,14.52
2017-06-07,7.57,2.42,13.83
2017-06-08,8.8,1.49,14.36
2017-06-09,9.07,0.11,13.81
2017-06-10,9.45,0.0,13.23
2017-06-11,10.36,2.31,13.04
2017-06-12,10.79,8.22,12.64
2017-06-13,10.07,2.95,10.03
2017-06-14,10.88,1.36,10.69
2017-06-15,9.26,8.09,13.09
2017-06-16,7.72,2.83,14.03
2017-06-17,8.78,0.74,13.68
2017-06-18,10.04,1.32,13.11
2017-06-19,8.88,2.88,13.5
2017-06-20,8.06,11.68,14.55
2017-06-21,8.24,10.15,15.33
2017-06-22,8.74,1.69,14.89
2017-06-23,8.18,1.71,14.68
2017-06-24,8.53,2.82,15.52
2017-06-25,7.91,13.44,16.01
2017-06-26,7.55,12.14,16.52
2017-06-27,8.29,4.89,16.41
2017-06-28,5.99,1.72,16.64
2017-06-29,7.35,6.66,16.47
2017-06-30,7.58,1.42,16.33
2017-07-01,5.0,6.1,16.47
2017-07-02,5.16,7.5,16.91
2017-07-03,5.2,14.21,17.11
2017-07-04,5.01,21.52,17.63
2017-07-05,4.71,9.71,17.32
2017-07-06,5.95,4.33,16.75
2017-07-07,6.64,0.63,16.89
2017-07-08,6.23,9.43,17.47
2017-07-09,2.61,13.98,17.97
2017-07-10,4.58,14.44,16.76
2017-07-11,5.25,8.01,15.41
2017-07-12,5.65,1.98,14.87
2017-07-13,7.76,0.41,15.85
2017-07-14,7.32,3.25,16.79
2017-07-15,7.86,4.45,16.8
2017-07-16,7.7,11.08,17.03
2017-07-17,8.61,7.33,16.32
2017-07-18,7.61,3.41,17.24
2017-07-19,7.64,6.11,16.98
2017-07-20,8.13,4.63,15.73
2017-07-21,6.47,4.05,16.07
2017-07-22,6.89,3.14,16.04
2017-07-23,6.64,10.73,16.14
2017-07-24,6.05,8.31,15.96
2017-07-25,6.86,5.35,16.12
2017-07-26,5.98,2.32,15.88
2017-07-27,7.93,0.36,16.14
2017-07-28,5.5,2.39,16.88
2017-07-29,4.14,28.66,17.33
2017-07-30,5.45,18.33,16.6
2017-07-31,6.75,3.18,16.97
2017-08-01,4.96,11.14,16.77
2017-08-02,6.77,21.58,17.56
2017-08-03,4.2,32.67,18.32
2017-08-04,4.33,9.43,17.54
2017-08-05,6.95,5.41,17.63
2017-08-06,4.5,6.78,18.41
2017-08-07,4.35,9.28,17.87
2017-08-08,5.18,4.54,17.96
2017-08-09,3.97,7.84,17.54
2017-08-10,4.16,18.77,16.78
2017-08-11,5.22,31.87,17.44
2017-08-12,3.0,12.01,17.28
2017-08-13,3.19,39.11,17.05
2017-08-14,5.04,2.9,16.58
2017-08-15,4.76,1.22,17.29
2017-08-16,3.18,6.39,17.15
2017-08-17,5.57,5.62,17.18
2017-08-18,5.58,4.09,17.45
2017-08-19,4.88,5.35,16.74
2017-08-20,5.13,10.29,17.22
2017-08-21,4.96,7.1,16.31
2017-08-22,4.92,15.27,16.0
2017-08-23,6.55,15.84,15.7
2017-08-24,6.03,4.29,16.43
2017-08-25,5.54,2.84,16.21
2017-08-26,5.42,18.91,17.01
2017-08-27,3.25,6.79,16.7
2017-08-28,5.51,1.2,16.28
2017-08-29,5.26,0.36,15.96
2017-08-30,6.02,4.62,16.22
2017-08-31,5.92,21.42,17.07
2017-09-01,3.37,18.4,16.71
2017-09-02,3.91,18.82,16.54
2017-09-03,5.06,13.78,16.63
2017-09-04,5.9,4.06,16.53
2017-09-05,6.31,0.15,16.45
2017-09-06,6.86,2.01,15.98
2017-09-07,6.64,2.14,15.46
2017-09-08,5.97,2.33,16.42
2017-09-09,6.66,2.87,17.16
2017-09-10,5.85,2.42,16.26
2017-09-11,6.49,5.35,16.07
2017-09-12,5.53,10.77,16.57
2017-09-13,5.4,5.03,15.99
2017-09-14,5.6,1.5,16.16
2017-09-15,5.17,3.54,16.78
2017-09-16,6.04,0.89,16.68
2017-09-17,6.63,3.59,16.39
2017-09-18,2.93,9.46,16.57
2017-09-19,5.85,1.06,15.51
2017-09-20,5.55,6.63,15.76
2017-09-21,4.45,8.83,15.27
2017-09-22,4.76,1.55,16.22
2017-09-23,6.02,1.31,16.66
2017-09-24,5.83,2.54,16.65
2017-09-25,6.22,0.1,16.49
2017-09-26,6.19,0.01,16.27
2017-09-27,5.83,0.24,15.81
2017-09-28,5.81,3.68,15.42
2017-09-29,4.77,8.45,15.49
2017-09-30,5.93,4.05,15.68
2017-10-01,5.94,3.52,15.05
2017-10-02,6.67,8.29,14.77
2017-10-03,5.81,4.08,15.13
2017-10-04,6.49,2.17,15.63
2017-10-05,6.8,0.32,14.9
2017-10-06,6.91,3.71,14.53
2017-10-07,6.35,1.02,14.89
2017-10-08,6.98,1.43,14.27
2017-10-09,6.61,2.33,14.42
2017-10-10,6.5,4.0,13.33
2017-10-11,7.39,2.9,13.22
2017-10-12,7.56,0.4,13.76
2017-10-13,6.86,0.5,14.13
2017-10-14,7.42,0.04,12.49
2017-10-15,6.62,0.0,11.41
2017-10-16,7.09,0.0,11.96
2017-10-17,7.32,0.0,12.71
2017-10-18,7.99,0.0,12.74
2017-10-19,7.73,0.0,13.27
2017-10-20,7.72,0.01,13.98
2017-10-21,6.49,0.08,13.42
2017-10-22,7.38,0.59,12.19
2017-10-23,8.06,0.6,10.03
2017-10-24,8.52,0.02,8.52
2017-10-25,9.17,0.0,7.6
2017-10-26,8.21,0.0,7.85
2017-10-27,7.68,0.03,8.73
2017-10-28,7.02,3.44,9.52
2017-10-29,6.59,6.97,9.09
2017-10-30,8.41,1.76,9.23
2017-10-31,6.63,0.05,10.01
2017-11-01,8.27,0.0,9.74
2017-11-02,7.96,0.0,10.0
2017-11-03,8.47,0.0,9.6
2017-11-04,8.36,0.0,9.49
2017-11-05,8.44,0.0,10.25
2017-11-06,7.75,0.0,9.51
2017-11-07,8.42,0.0,9.33
2017-11-08,7.68,0.0,8.84
2017-11-09,8.82,0.0,8.61
2017-11-10,9.24,0.0,7.94
2017-11-11,8.25,0.0,8.81
2017-11-12,8.1,0.0,8.36
2017-11-13,7.76,0.0,8.11
2017-11-14,8.45,0.0,7.73
2017-11-15,9.64,0.0,6.98
2017-11-16,8.49,0.02,8.47
2017-11-17,8.83,0.02,9.5
2017-11-18,8.78,0.0,8.52
2017-11-19,8.9,0.0,7.27
2017-11-20,9.22,0.0,6.73
2017-11-21,9.2,0.0,6.4
2017-11-22,8.66,0.0,5.98
2017-11-23,9.2,0.0,5.66
2017-11-24,8.73,0.0,5.69
2017-11-25,9.83,0.0,5.72
2017-11-26,8.25,0.0,5.88
2017-11-27,8.49,0.0,6.2
2017-11-28,9.29,0.01,5.91
2017-11-29,8.39,0.0,5.68
2017-11-30,7.78,0.0,5.83
2017-12-01,8.94,0.0,6.16
2017-12-02,7.67,0.0,6.02
2017-12-03,7.88,0.0,5.68
2017-12-04,8.44,0.0,5.47
2017-12-05,8.3,0.0,6.2
2017-12-06,8.11,0.02,6.7
2017-12-07,8.94,0.0,7.0
2017-12-08,9.4,0.0,6.99
2017-12-09,9.39,0.0,6.16
2017-12-10,9.33,0.0,6.07
2017-12-11,9.37,0.0,6.78
2017-12-12,8.82,0.0,6.0
2017-12-13,9.73,0.0,5.83
2017-12-14,11.61,0.0,4.47
2017-12-15,12.31,0.0,3.65
2017-12-16,11.62,0.0,3.39
2017-12-17,10.67,0.0,3.32
2017-12-18,10.49,0.0,3.65
2017-12-19,10.08,0.0,4.21
2017-12-20,7.25,0.0,4.89
2017-12-21,8.52,0.0,5.66
2017-12-22,9.36,0.0,5.72
2017-12-23,9.45,0.0,4.56
2017-12-24,10.14,0.0,4.01
2017-12-25,10.44,0.0,3.65
2017-12-26,12.03,0.0,3.87
2017-12-27,12.8,0.0,3.6
2017-12-28,9.89,0.0,3.34
2017-12-29,10.87,0.0,3.29
2017-12-30,10.65,0.0,3.36
2017-12-31,10.54,0.0,3.48
2018-01-01,9.86,0.0,3.62
2018-01-02,10.38,0.0,3.73
2018-01-03,11.75,0.0,3.57
2018-01-04,10.92,0.0,3.51
2018-01-05,10.59,0.0,3.15
2018-01-06,10.86,0.0,2.9
2018-01-07,10.36,0.0,2.93
2018-01-08,10.94,0.0,2.93
2018-01-09,11.16,0.0,3.01
2018-01-10,11.78,0.0,3.0
2018-01-11,12.21,0.0,3.18
2018-01-12,10.86,0.0,3.52
2018-01-13,10.56,0.0,3.7
2018-01-14,11.13,0.0,3.31
2018-01-15,10.9,0.0,3.31
2018-01-16,10.65,0.0,3.09
2018-01-17,11.0,0.0,3.37
2018-01-18,10.82,0.0,2.99
2018-01-19,11.8,0.0,3.01
2018-01-20,11.54,0.0,3.19
2018-01-21,13.2,0.0,3.15
2018-01-22,11.62,0.0,3.41
2018-01-23,11.82,0.01,3.53
2018-01-24,7.51,2.47,4.39
2018-01-25,11.17,0.0,4.3
2018-01-26,10.51,0.0,4.19
2018-01-27,9.96,0.0,3.71
2018-01-28,11.44,0.0,3.02
2018-01-29,12.16,0.0,2.89
2018-01-30,12.35,0.0,3.16
2018-01-31,11.82,0.0,3.67
2018-02-01,10.77,0.0,4.18
2018-02-02,10.89,0.0,4.3
2018-02-03,10.22,0.0,4.16
2018-02-04,11.9,0.0,3.83
2018-02-05,12.79,0.0,3.45
2018-02-06,10.36,0.0,3.88
2018-02-07,10.48,0.0,4.41
2018-02-08,11.4,0.0,3.34
2018-02-09,11.2,0.0,2.79
2018-02-10,11.68,0.0,2.54
2018-02-11,12.3,0.0,2.6
2018-02-12,9.39,0.1,3.36
2018-02-13,6.88,0.78,4.98
2018-02-14,11.48,0.04,4.7
2018-02-15,14.54,0.0,3.53
2018-02-16,10.86,0.01,3.79
2018-02-17,10.7,0.0,4.84
2018-02-18,12.94,0.0,4.82
2018-02-19,12.32,0.0,3.73
2018-02-20,10.78,0.08,3.14
2018-02-21,11.76,0.15,3.2
2018-02-22,10.05,0.63,4.14
2018-02-23,11.78,0.37,4.72
2018-02-24,10.54,0.01,4.25
2018-02-25,10.86,0.02,4.62
2018-02-26,12.14,0.01,5.04
2018-02-27,12.07,0.0,4.58
2018-02-28,11.02,0.0,4.94
2018-03-01,12.02,0.03,5.1
2018-03-02,11.99,0.85,5.09
2018-03-03,14.37,0.65,4.89
2018-03-04,13.33,0.02,4.97
2018-03-05,9.09,0.0,5.4
2018-03-06,12.25,0.0,5.19
2018-03-07,13.77,0.0,3.75
2018-03-08,12.99,0.61,3.64
2018-03-09,12.97,2.13,3.67
2018-03-10,13.48,0.29,3.82
2018-03-11,13.02,5.6,4.46
2018-03-12,13.23,0.41,4.7
2018-03-13,13.69,0.09,4.75
2018-03-14,13.14,0.0,4.8
2018-03-15,10.04,0.43,5.75
2018-03-16,12.48,1.84,5.81
2018-03-17,14.36,0.14,3.93
2018-03-18,15.2,0.04,3.22
2018-03-19,13.4,0.0,3.47
2018-03-20,13.02,0.0,3.85
2018-03-21,14.53,0.0,4.08
2018-03-22,14.37,0.01,5.07
2018-03-23,13.89,0.02,4.68
2018-03-24,14.12,0.0,4.51
2018-03-25,13.91,0.02,4.57
2018-03-26,12.6,0.22,4.47
2018-03-27,15.02,0.0,3.41
2018-03-28,12.85,0.0,4.04
2018-03-29,14.62,0.63,4.88
2018-03-30,13.79,1.9,5.02
2018-03-31,11.85,0.56,5.45
2018-04-01,8.56,0.05,7.11
2018-04-02,12.35,0.22,7.26
2018-04-03,11.66,0.12,7.38
2018-04-04,11.58,0.82,7.23
2018-04-05,9.8,2.05,7.34
2018-04-06,12.48,6.61,7.97
2018-04-07,10.98,6.54,9.47
2018-04-08,10.55,2.7,9.13
2018-04-09,8.98,2.05,9.82
2018-04-10,9.4,3.4,9.76
2018-04-11,7.91,5.55,10.16
2018-04-12,10.75,0.76,8.12
2018-04-13,13.59,1.09,6.75
2018-04-14,13.99,0.03,5.53
2018-04-15,13.08,0.23,5.85
2018-04-16,13.74,3.23,6.91
2018-04-17,11.67,9.66,8.56
2018-04-18,10.7,4.36,9.65
2018-04-19,13.38,4.92,8.33
2018-04-20,13.67,1.09,7.84
2018-04-21,14.15,0.53,6.92
2018-04-22,14.43,0.0,5.28
2018-04-23,14.49,0.0,4.38
2018-04-24,13.04,0.0,4.41
2018-04-25,13.12,0.01,5.6
2018-04-26,11.47,2.09,8.09
2018-04-27,10.28,1.78,10.05
2018-04-28,6.8,10.43,10.73
2018-04-29,9.66,6.9,10.87
2018-04-30,8.73,8.98,11.32
2018-05-01,9.71,2.78,10.23
2018-05-02,8.7,4.42,11.2
2018-05-03,8.46,7.4,11.1
2018-05-04,8.87,2.51,11.01
2018-05-05,9.38,0.87,11.29
2018-05-06,10.54,1.48,10.26
2018-05-07,12.13,2.46,8.95
2018-05-08,13.52,0.11,7.81
2018-05-09,11.05,0.13,7.2
2018-05-10,12.39,0.54,6.88
2018-05-11,12.84,0.02,7.09
2018-05-12,12.11,1.35,10.1
2018-05-13,8.06,10.67,12.85
2018-05-14,7.39,12.91,12.25
2018-05-15,9.3,0.93,10.3
2018-05-16,9.75,6.82,11.73
2018-05-17,7.74,11.07,12.86
2018-05-18,9.33,1.15,11.69
2018-05-19,9.17,7.04,12.01
2018-05-20,10.72,0.44,11.81
2018-05-21,10.32,3.66,11.66
2018-05-22,10.68,2.49,12.33
2018-05-23,9.85,3.01,13.84
2018-05-24,9.89,5.46,13.87
2018-05-25,10.78,1.62,11.83
2018-05-26,11.59,7.95,11.42
2018-05-27,12.2,4.48,11.3
2018-05-28,9.76,2.03,12.11
2018-05-29,10.3,2.47,11.31
2018-05-30,7.74,25.77,13.74
2018-05-31,9.16,14.97,13.25
2018-06-01,7.34,10.23,13.96
2018-06-02,8.72,0.82,13.61
2018-06-03,5.65,2.42,14.25
2018-06-04,7.37,10.66,14.99
2018-06-05,7.77,4.37,14.99
2018-06-06,9.24,3.75,14.81
2018-06-07,5.95,26.5,16.46
2018-06-08,6.34,14.8,15.43
2018-06-09,8.59,0.54,15.42
2018-06-10,9.27,0.78,15.55
2018-06-11,6.98,1.98,15.64
2018-06-12,7.73,8.97,15.22
2018-06-13,8.31,1.39,14.38
2018-06-14,7.44,6.86,14.29
2018-06-15,7.93,4.69,14.32
2018-06-16,7.89,5.74,14.78
2018-06-17,8.05,8.61,15.2
2018-06-18,7.92,0.75,13.11
2018-06-19,9.13,0.92,13.03
2018-06-20,8.91,2.13,14.41
2018-06-21,7.93,4.41,15.41
2018-06-22,8.39,3.89,15.17
2018-06-23,8.41,6.4,16.07
2018-06-24,6.8,7.49,16.48
2018-06-25,8.49,9.68,15.99
2018-06-26,5.87,9.43,16.49
2018-06-27,8.25,2.4,16.72
2018-06-28,7.59,0.21,15.78
2018-06-29,6.3,0.91,15.96
2018-06-30,7.11,8.83,16.3
2018-07-01,6.08,22.0,17.58
2018-07-02,3.37,21.32,17.82
2018-07-03,4.18,4.66,17.45
2018-07-04,7.39,3.93,17.22
2018-07-05,7.23,0.4,16.88
2018-07-06,6.71,0.64,17.42
2018-07-07,6.43,1.6,17.3
2018-07-08,6.64,7.29,17.06
2018-07-09,5.55,11.07,17.47
2018-07-10,4.89,15.94,17.28
2018-07-11,6.47,7.37,16.89
2018-07-12,5.39,1.22,16.93
2018-07-13,6.68,3.07,16.98
2018-07-14,6.19,5.45,17.34
2018-07-15,6.07,9.44,16.97
2018-07-16,8.85,0.92,16.42
2018-07-17,7.25,1.0,17.18
2018-07-18,5.94,2.99,16.2
2018-07-19,7.7,3.36,16.31
2018-07-20,6.66,8.21,17.52
2018-07-21,5.58,11.49,16.34
2018-07-22,8.19,8.36,16.2
2018-07-23,6.25,12.67,16.34
2018-07-24,6.69,8.16,16.21
2018-07-25,6.01,9.44,16.28
2018-07-26,6.25,26.58,17.04
2018-07-27,3.95,29.01,16.96
2018-07-28,5.39,15.32,16.75
2018-07-29,3.64,13.04,17.17
2018-07-30,4.73,4.42,16.48
2018-07-31,4.51,6.29,16.25
2018-08-01,4.11,5.65,15.99
2018-08-02,4.51,3.14,15.49
2018-08-03,6.98,5.2,16.18
2018-08-04,3.62,18.15,16.68
2018-08-05,4.63,36.14,16.77
2018-08-06,6.11,15.86,16.86
2018-08-07,6.25,3.6,16.5
2018-08-08,7.36,0.67,16.6
2018-08-09,5.34,4.31,16.61
2018-08-10,6.36,10.99,16.71
2018-08-11,6.06,21.72,17.19
2018-08-12,5.15,4.95,17.74
2018-08-13,4.2,25.29,16.7
2018-08-14,5.75,12.54,16.67
2018-08-15,5.87,19.11,17.55
2018-08-16,6.47,0.53,17.43
2018-08-17,6.64,0.04,16.92
2018-08-18,5.12,0.55,17.23
2018-08-19,6.53,1.73,16.68
2018-08-20,5.79,8.3,17.22
2018-08-21,6.14,16.14,17.47
2018-08-22,4.42,6.0,17.01
2018-08-23,4.9,2.25,16.61
2018-08-24,3.36,3.55,17.36
2018-08-25,4.46,7.05,16.52
2018-08-26,4.85,2.6,16.74
2018-08-27,6.07,2.32,17.1
2018-08-28,4.49,3.48,16.17
2018-08-29,6.47,2.39,16.0
2018-08-30,3.36,8.8,16.29
2018-08-31,7.25,0.53,15.64
2018-09-01,6.05,3.07,16.84
2018-09-02,4.47,11.03,16.39
2018-09-03,5.72,6.63,16.41
2018-09-04,6.79,1.72,16.09
2018-09-05,6.27,4.81,16.31
2018-09-06,5.32,1.93,16.91
2018-09-07,6.83,0.22,16.0
2018-09-08,6.53,0.9,16.36
2018-09-09,6.51,3.05,16.83
2018-09-10,5.24,2.25,16.53
2018-09-11,4.47,3.58,16.33
2018-09-12,4.92,9.08,16.38
2018-09-13,5.93,4.61,16.02
2018-09-14,6.69,4.3,15.84
2018-09-15,6.95,0.17,14.9
2018-09-16,6.62,0.0,15.16
2018-09-17,8.66,0.0,14.01
2018-09-18,8.73,0.0,12.69
2018-09-19,7.94,0.05,13.42
2018-09-20,7.61,4.83,14.58
2018-09-21,4.49,2.54,15.34
2018-09-22,5.12,0.05,14.17
2018-09-23,7.22,0.0,14.29
2018-09-24,6.67,0.02,14.82
2018-09-25,7.35,0.01,15.24
2018-09-26,6.79,0.0,15.01
2018-09-27,6.64,0.0,14.67
2018-09-28,7.4,0.0,14.48
2018-09-29,6.65,0.0,14.35
2018-09-30,6.8,0.0,14.62
2018-10-01,7.69,0.03,13.96
2018-10-02,7.1,0.0,12.53
2018-10-03,7.06,0.59,12.3
2018-10-04,6.76,2.53,11.99
2018-10-05,8.35,0.52,11.3
2018-10-06,7.91,0.0,10.86
2018-10-07,8.25,0.0,10.15
2018-10-08,8.8,0.0,9.83
2018-10-09,8.74,0.0,10.28
2018-10-10,7.75,0.23,10.65
2018-10-11,8.22,1.02,10.77
2018-10-12,7.73,0.14,10.63
2018-10-13,8.57,0.01,10.96
2018-10-14,8.37,0.0,10.84
2018-10-15,8.87,0.0,10.27
2018-10-16,8.06,0.0,10.0
2018-10-17,7.56,0.0,9.54
2018-10-18,8.99,0.0,8.92
2018-10-19,9.92,0.05,8.25
2018-10-20,9.32,0.05,8.57
2018-10-21,9.27,0.0,7.9
2018-10-22,10.57,0.0,7.57
2018-10-23,9.98,0.0,6.7
2018-10-24,10.56,0.0,5.89
2018-10-25,10.29,0.0,6.06
2018-10-26,11.5,0.0,6.07
2018-10-27,11.13,0.0,5.62
2018-10-28,10.75,0.02,6.45
2018-10-29,9.13,0.0,8.34
2018-10-30,10.82,0.0,8.27
2018-10-31,10.08,0.0,8.13
2018-11-01,9.84,0.0,8.54
2018-11-02,9.35,0.0,8.02
2018-11-03,10.51,0.0,7.04
2018-11-04,10.62,0.0,6.57
2018-11-05,10.51,0.0,6.84
2018-11-06,9.95,0.0,5.98
2018-11-07,11.74,0.0,5.44
2018-11-08,9.98,0.0,5.42
2018-11-09,9.67,0.0,5.88
2018-11-10,9.34,0.0,6.58
2018-11-11,9.28,0.0,7.06
2018-11-12,9.5,0.02,7.36
2018-11-13,8.09,0.16,7.59
2018-11-14,9.34,0.06,7.47
2018-11-15,8.49,0.0,7.44
2018-11-16,10.36,0.0,6.53
2018-11-17,10.97,0.0,6.0
2018-11-18,10.31,0.0,5.68
2018-11-19,9.04,0.0,5.76
2018-11-20,8.76,0.0,5.83
2018-11-21,11.17,0.0,5.9
2018-11-22,10.14,0.0,6.43
2018-11-23,9.23,0.0,6.44
2018-11-24,11.51,0.0,5.7
2018-11-25,10.61,0.0,5.26
2018-11-26,9.93,0.0,5.51
2018-11-27,12.67,0.0,5.41
2018-11-28,8.71,0.0,5.98
2018-11-29,8.93,0.0,6.9
2018-11-30,8.8,0.0,7.11
2018-12-01,10.1,0.0,6.74
2018-12-02,8.65,0.0,6.56
2018-12-03,8.95,0.0,6.15
2018-12-04,8.76,0.0,6.37
2018-12-05,7.78,0.0,6.41
2018-12-06,8.92,0.0,6.08
2018-12-07,11.04,0.0,4.95
2018-12-08,9.48,0.0,4.89
2018-12-09,9.82,0.0,4.95
2018-12-10,10.02,0.0,4.63
2018-12-11,11.59,0.0,4.44
2018-12-12,11.24,0.0,4.24
2018-12-13,9.95,0.0,4.45
2018-12-14,10.7,0.0,4.39
2018-12-15,12.66,0.0,3.44
2018-12-16,12.61,0.0,3.03
2018-12-17,10.99,0.17,3.04
2018-12-18,7.84,0.41,4.28
2018-12-19,14.8,0.0,3.69
2018-12-20,10.73,0.0,3.65
2018-12-21,10.6,0.0,4.0
2018-12-22,10.81,0.0,4.32
2018-12-23,10.51,0.0,4.51
2018-12-24,11.64,0.0,4.04
2018-12-25,11.36,0.0,3.34
2018-12-26,11.09,0.0,2.86
2018-12-27,9.22,0.0,2.9
2018-12-28,11.37,0.05,2.88
2018-12-29,14.7,0.0,2.22
2018-12-30,11.68,0.0,2.44
2018-12-31,10.92,0.0,2.65
2019-01-01,11.19,0.0,3.02
2019-01-02,10.47,0.0,2.96
2019-01-03,9.93,0.0,3.42
2019-01-04,11.73,0.0,3.6
2019-01-05,10.05,0.0,3.65
2019-01-06,12.09,0.02,3.42
2019-01-07,6.32,0.15,4.12
2019-01-08,12.24,0.0,3.81
2019-01-09,9.67,0.0,4.22
2019-01-10,10.42,0.0,4.05
2019-01-11,9.22,0.0,4.29
2019-01-12,11.09,0.0,3.99
2019-01-13,10.77,0.0,3.67
2019-01-14,10.99,0.0,3.55
2019-01-15,14.54,0.0,2.96
2019-01-16,10.64,0.0,2.94
2019-01-17,10.5,0.0,3.3
2019-01-18,11.95,0.0,3.66
2019-01-19,10.73,0.0,3.97
2019-01-20,12.4,0.0,4.15
2019-01-21,10.57,0.0,4.44
2019-01-22,11.11,1.09,4.47
2019-01-23,8.82,1.66,5.65
2019-01-24,9.24,0.05,5.49
2019-01-25,9.47,2.9,5.13
2019-01-26,10.18,3.53,5.77
2019-01-27,10.36,0.2,4.93
2019-01-28,10.95,0.12,4.67
2019-01-29,11.41,0.57,3.71
2019-01-30,15.23,0.0,2.81
2019-01-31,9.35,0.0,3.12
2019-02-01,9.95,0.0,3.74
2019-02-02,12.44,0.0,3.61
2019-02-03,12.53,0.0,3.43
2019-02-04,13.96,0.0,3.56
2019-02-05,10.8,0.0,3.63
2019-02-06,11.98,0.08,3.81
2019-02-07,8.68,7.19,5.99
2019-02-08,10.48,9.71,6.98
2019-02-09,8.29,23.2,5.64
2019-02-10,16.35,0.0,3.24
2019-02-11,8.76,0.0,3.98
2019-02-12,13.55,0.0,4.12
2019-02-13,12.39,0.0,4.28
2019-02-14,8.9,0.15,5.08
2019-02-15,10.78,3.23,5.84
2019-02-16,7.67,1.78,5.95
2019-02-17,12.93,0.25,5.45
2019-02-18,11.86,0.05,4.8
2019-02-19,12.22,1.42,5.57
2019-02-20,12.81,0.25,4.61
2019-02-21,12.84,0.08,5.01
2019-02-22,11.41,0.0,6.13
2019-02-23,11.94,0.0,5.66
2019-02-24,10.24,0.0,5.4
2019-02-25,10.49,0.02,5.45
2019-02-26,13.32,0.05,3.95
2019-02-27,10.23,12.82,6.41
2019-02-28,9.34,6.5,5.65
2019-03-01,15.91,0.0,3.55
2019-03-02,12.58,0.0,3.73
2019-03-03,9.67,0.61,5.16
2019-03-04,11.22,0.29,6.11
2019-03-05,10.64,0.4,5.83
2019-03-06,12.2,0.01,4.74
2019-03-07,13.12,0.13,4.08
2019-03-08,12.84,0.3,4.52
2019-03-09,12.84,0.49,4.62
2019-03-10,12.4,0.01,4.62
2019-03-11,12.85,0.0,4.25
2019-03-12,15.09,0.0,4.19
2019-03-13,12.01,0.0,4.27
2019-03-14,13.21,0.0,5.38
2019-03-15,11.76,0.0,6.0
2019-03-16,12.75,0.0,5.53
2019-03-17,10.05,0.0,4.71
2019-03-18,10.14,1.13,5.42
2019-03-19,11.1,2.46,5.4
2019-03-20,13.62,1.41,5.56
2019-03-21,15.18,0.62,5.28
2019-03-22,13.78,0.03,5.13
2019-03-23,13.36,0.0,4.64
2019-03-24,12.4,0.0,4.42
2019-03-25,12.82,0.85,5.25
2019-03-26,8.66,9.51,7.05
2019-03-27,13.22,0.86,6.39
2019-03-28,12.54,0.21,5.84
2019-03-29,11.74,1.78,6.89
2019-03-30,10.46,4.42,7.83
2019-03-31,12.62,5.74,8.09
2019-04-01,12.99,1.26,6.77
2019-04-02,13.0,0.2,5.69
2019-04-03,12.91,0.02,5.64
2019-04-04,11.97,0.52,6.38
2019-04-05,11.21,2.85,7.5
2019-04-06,10.31,9.77,9.22
2019-04-07,9.08,4.37,9.47
2019-04-08,12.54,1.25,8.53
2019-04-09,7.59,9.19,8.37
2019-04-10,12.91,0.0,7.45
2019-04-11,11.47,0.05,8.3
2019-04-12,11.63,0.38,8.78
2019-04-13,12.64,1.09,8.82
2019-04-14,12.79,1.74,7.93
2019-04-15,12.78,0.07,6.77
2019-04-16,10.2,4.24,7.44
2019-04-17,11.02,4.52,8.57
2019-04-18,12.06,0.9,7.45
2019-04-19,12.89,6.77,7.6
2019-04-20,11.21,0.82,7.64
2019-04-21,11.54,1.36,7.7
2019-04-22,10.96,4.38,8.2
2019-04-23,10.67,4.2,9.45
2019-04-24,9.95,1.06,10.61
2019-04-25,9.82,2.64,10.96
2019-04-26,11.4,3.55,10.34
2019-04-27,12.07,1.07,8.18
2019-04-28,11.98,1.69,7.03
2019-04-29,12.7,4.5,6.37
2019-04-30,13.48,2.57,6.85
2019-05-01,15.57,1.01,8.08
2019-05-02,14.32,1.76,8.89
2019-05-03,11.64,8.61,11.68
2019-05-04,9.73,0.75,11.36
2019-05-05,12.59,0.04,7.42
2019-05-06,14.25,0.0,5.67
2019-05-07,12.99,0.0,5.63
2019-05-08,15.66,0.0,5.47
2019-05-09,13.28,0.0,5.61
2019-05-10,12.99,0.0,5.91
2019-05-11,14.24,0.02,6.85
2019-05-12,13.35,1.33,7.84
2019-05-13,11.99,0.2,7.11
2019-05-14,12.02,2.91,7.44
2019-05-15,11.39,5.91,9.17
2019-05-16,9.28,6.7,10.25
2019-05-17,13.06,1.08,8.11
2019-05-18,13.37,0.61,7.64
2019-05-19,12.84,0.55,8.58
2019-05-20,11.88,3.64,9.53
2019-05-21,11.25,11.46,10.49
2019-05-22,11.85,3.39,9.85
2019-05-23,11.21,1.68,9.94
2019-05-24,12.62,1.71,9.5
2019-05-25,11.34,4.62,8.94
2019-05-26,12.89,0.85,8.25
2019-05-27,11.76,6.75,9.32
2019-05-28,12.57,1.83,9.71
2019-05-29,12.97,6.22,9.74
2019-05-30,10.94,5.15,10.16
2019-05-31,11.3,0.06,8.9
2019-06-01,9.4,7.83,12.0
2019-06-02,8.13,6.02,13.14
2019-06-03,8.25,7.66,11.23
2019-06-04,10.26,0.16,12.52
2019-06-05,8.35,1.16,13.68
2019-06-06,9.09,4.52,15.08
2019-06-07,9.38,6.7,14.85
2019-06-08,10.33,2.43,13.45
2019-06-09,9.16,4.66,13.3
2019-06-10,8.67,8.62,14.97
2019-06-11,8.89,3.99,15.8
2019-06-12,10.01,0.4,15.0
2019-06-13,11.0,0.88,13.05
2019-06-14,11.58,7.11,12.35
2019-06-15,12.76,4.0,11.02
2019-06-16,12.72,2.11,10.21
2019-06-17,11.48,1.83,11.33
2019-06-18,11.31,3.91,11.55
2019-06-19,11.91,1.43,10.96
2019-06-20,11.27,0.33,11.24
2019-06-21,11.88,3.25,12.61
2019-06-22,3.79,12.51,15.7
2019-06-23,8.32,10.52,15.39
2019-06-24,9.95,0.17,15.08
2019-06-25,10.09,1.88,15.99
2019-06-26,8.5,6.37,16.33
2019-06-27,7.89,21.59,16.53
2019-06-28,9.35,2.76,15.16
2019-06-29,9.74,2.16,14.9
2019-06-30,8.0,2.92,16.2
2019-07-01,9.07,8.46,16.17
2019-07-02,5.67,2.77,16.93
2019-07-03,8.71,2.72,16.54
2019-07-04,8.92,1.39,16.84
2019-07-05,6.13,7.15,17.33
2019-07-06,4.38,23.02,17.96
2019-07-07,5.44,17.57,17.98
2019-07-08,6.79,10.18,17.18
2019-07-09,4.64,14.8,16.57
2019-07-10,4.45,15.74,17.36
2019-07-11,4.1,17.14,16.8
2019-07-12,3.42,50.93,16.73
2019-07-13,4.41,40.07,16.79
2019-07-14,5.16,17.1,17.94
2019-07-15,5.66,12.99,17.27
2019-07-16,6.02,8.93,15.28
2019-07-17,6.67,9.03,16.35
2019-07-18,6.78,18.22,17.22
2019-07-19,5.49,13.35,17.52
2019-07-20,4.54,1.57,17.26
2019-07-21,6.36,3.85,17.49
2019-07-22,5.78,9.57,17.24
2019-07-23,4.63,20.71,17.12
2019-07-24,4.11,39.45,17.43
2019-07-25,3.84,16.68,16.96
2019-07-26,4.64,10.25,17.46
2019-07-27,5.92,3.57,17.1
2019-07-28,5.84,1.93,16.49
2019-07-29,6.21,0.87,17.18
2019-07-30,6.24,1.08,16.67
2019-07-31,4.71,1.41,16.97
2019-08-01,6.3,1.61,15.99
2019-08-02,6.68,2.88,16.33
2019-08-03,4.87,7.51,17.9
2019-08-04,4.37,7.54,17.83
2019-08-05,4.61,20.14,17.49
2019-08-06,6.71,7.68,17.09
2019-08-07,4.96,9.34,17.8
2019-08-08,4.94,3.91,17.31
2019-08-09,5.4,2.31,16.74
2019-08-10,5.42,5.55,17.64
2019-08-11,5.55,9.23,17.62
2019-08-12,8.33,2.73,16.86
2019-08-13,6.12,13.2,17.26
2019-08-14,7.26,1.32,16.51
2019-08-15,6.54,3.51,16.83
2019-08-16,4.4,14.8,17.39
2019-08-17,4.69,6.47,17.13
2019-08-18,4.41,3.69,17.06
2019-08-19,6.69,2.34,17.01
2019-08-20,5.66,1.07,17.47
2019-08-21,5.43,3.61,17.75
2019-08-22,5.91,2.47,16.24
2019-08-23,4.07,8.37,16.98
2019-08-24,4.39,10.14,16.46
2019-08-25,5.27,4.37,16.26
2019-08-26,6.55,1.51,16.87
2019-08-27,6.46,0.81,16.73
2019-08-28,6.36,4.74,17.72
2019-08-29,4.38,7.21,17.47
2019-08-30,5.94,6.29,17.29
2019-08-31,5.08,15.77,17.27
2019-09-01,4.93,13.71,16.92
2019-09-02,6.31,9.97,17.6
2019-09-03,4.61,11.98,17.03
2019-09-04,4.99,18.7,16.88
2019-09-05,4.72,11.68,16.94
2019-09-06,6.39,20.5,16.87
2019-09-07,6.12,8.57,16.56
2019-09-08,5.83,1.4,17.3
2019-09-09,5.75,4.33,17.44
2019-09-10,5.79,9.69,17.49
2019-09-11,4.1,8.92,18.08
2019-09-12,4.01,4.52,17.25
2019-09-13,4.36,5.51,16.13
2019-09-14,5.73,3.01,16.56
2019-09-15,5.87,1.45,16.38
2019-09-16,6.01,16.05,16.15
2019-09-17,4.59,18.97,15.99
2019-09-18,3.51,13.03,14.53
2019-09-19,6.59,1.87,13.04
2019-09-20,5.31,0.37,13.07
2019-09-21,6.56,0.57,14.16
2019-09-22,4.21,0.42,14.19
2019-09-23,6.0,2.09,14.26
2019-09-24,3.83,10.08,14.75
2019-09-25,3.79,18.58,14.59
2019-09-26,6.32,12.12,13.91
2019-09-27,3.75,9.19,13.55
2019-09-28,3.51,5.56,13.08
2019-09-29,4.26,2.7,12.39
2019-09-30,6.53,0.91,12.79
2019-10-01,6.96,1.86,13.23
2019-10-02,5.84,2.42,13.39
2019-10-03,6.58,0.45,13.17
2019-10-04,6.71,1.12,13.8
2019-10-05,6.06,5.95,14.04
2019-10-06,5.99,1.19,13.83
2019-10-07,6.65,0.59,13.8
2019-10-08,6.79,2.89,13.61
2019-10-09,6.81,1.12,12.55
2019-10-10,6.96,1.61,12.3
2019-10-11,6.77,2.46,12.46
2019-10-12,6.18,0.15,12.84
2019-10-13,6.61,0.0,12.65
2019-10-14,6.89,0.0,12.57
2019-10-15,7.42,0.0,12.02
2019-10-16,6.7,0.15,11.75
2019-10-17,6.86,0.3,12.31
2019-10-18,6.49,0.02,11.38
2019-10-19,6.15,0.0,11.99
2019-10-20,6.17,0.01,11.58
2019-10-21,6.26,0.01,11.32
2019-10-22,7.32,0.0,10.36
2019-10-23,4.95,0.07,9.97
2019-10-24,7.89,0.2,9.14
2019-10-25,7.42,0.01,9.36
2019-10-26,8.26,0.0,9.28
2019-10-27,8.55,0.0,10.53
2019-10-28,6.52,0.0,11.29
2019-10-29,5.88,0.0,11.45
2019-10-30,5.49,0.0,10.98
2019-10-31,7.99,0.0,10.22
2019-11-01,7.11,0.0,10.72
2019-11-02,7.35,0.0,10.98
2019-11-03,7.85,0.09,10.19
2019-11-04,6.97,6.81,10.17
2019-11-05,6.85,27.19,9.49
2019-11-06,8.31,0.06,9.12
2019-11-07,8.03,0.0,9.62
2019-11-08,7.82,0.0,9.45
2019-11-09,8.03,0.0,10.15
2019-11-10,7.84,0.0,9.6
2019-11-11,7.83,0.0,9.7
2019-11-12,8.67,0.0,8.05
2019-11-13,9.01,0.0,8.11
2019-11-14,6.59,0.0,8.54
2019-11-15,7.73,0.0,8.13
2019-11-16,7.74,0.0,8.44
2019-11-17,8.09,0.0,8.47
2019-11-18,7.65,0.0,8.39
2019-11-19,7.92,0.0,8.06
2019-11-20,7.41,0.0,8.28
2019-11-21,7.64,0.0,8.63
2019-11-22,7.2,0.0,9.03
2019-11-23,7.81,0.0,9.27
2019-11-24,6.96,0.0,8.61
2019-11-25,6.38,0.0,7.72
2019-11-26,8.25,0.0,6.79
2019-11-27,7.37,0.0,6.88
2019-11-28,8.5,0.0,6.55
2019-11-29,9.32,0.0,5.56
2019-11-30,9.55,0.0,5.26
2019-12-01,9.29,0.0,5.77
2019-12-02,8.56,0.0,5.67
2019-12-03,9.36,0.0,5.25
2019-12-04,12.61,0.0,4.95
2019-12-05,8.67,0.0,5.07
2019-12-06,6.26,0.0,5.52
2019-12-07,7.83,0.0,6.32
2019-12-08,8.05,0.0,6.14
2019-12-09,9.8,0.0,6.15
2019-12-10,7.64,0.0,6.62
2019-12-11,8.45,0.03,7.01
2019-12-12,5.91,0.11,6.84
2019-12-13,7.14,13.66,6.53
2019-12-14,6.7,12.45,6.74
2019-12-15,8.11,0.18,5.12
2019-12-16,10.43,0.0,4.86
2019-12-17,10.05,0.0,4.76
2019-12-18,9.75,0.0,4.62
2019-12-19,10.31,0.0,4.87
2019-12-20,8.91,0.0,5.28
2019-12-21,8.78,0.0,5.86
2019-12-22,8.34,0.0,5.76
2019-12-23,8.79,0.0,4.73
2019-12-24,10.0,0.0,4.07
2019-12-25,8.79,0.0,3.69
2019-12-26,9.18,0.0,3.32
2019-12-27,10.81,0.0,3.32
2019-12-28,14.46,0.0,3.14
2019-12-29,10.43,0.0,3.33
2019-12-30,10.5,0.0,3.36
2019-12-31,8.88,0.0,3.2
2020-01-01,6.55,0.0,4.08
2020-01-02,7.09,0.47,6.21
2020-01-03,7.11,2.92,5.63
2020-01-04,6.24,0.9,5.97
2020-01-05,7.39,0.28,5.15
2020-01-06,10.69,0.02,4.36
2020-01-07,9.72,0.11,5.04
2020-01-08,8.2,1.7,6.24
2020-01-09,8.1,2.63,6.0
2020-01-10,10.86,0.05,5.09
2020-01-11,11.3,0.0,4.14
2020-01-12,11.25,0.01,4.33
2020-01-13,10.53,0.0,4.77
2020-01-14,9.09,0.0,5.05
2020-01-15,9.39,0.0,5.17
2020-01-16,10.2,1.56,5.9
2020-01-17,7.61,25.12,6.96
2020-01-18,9.64,0.31,5.21
2020-01-19,10.14,0.0,4.76
2020-01-20,12.68,0.0,4.47
2020-01-21,7.79,0.0,4.59
2020-01-22,9.51,0.0,4.72
2020-01-23,10.05,0.0,4.74
2020-01-24,14.77,0.0,3.75
2020-01-25,12.09,0.0,3.83
2020-01-26,8.89,0.0,4.63
2020-01-27,11.34,0.0,4.97
2020-01-28,10.58,0.01,4.76
2020-01-29,9.66,0.13,6.27
2020-01-30,6.26,0.31,6.45
2020-01-31,11.5,0.01,5.36
2020-02-01,9.89,0.02,4.92
2020-02-02,12.05,0.0,4.32
2020-02-03,10.93,0.0,4.24
2020-02-04,10.06,0.0,4.58
2020-02-05,11.08,0.0,4.1
2020-02-06,9.42,0.0,3.94
2020-02-07,10.6,0.0,3.58
2020-02-08,10.9,0.02,3.61
2020-02-09,11.27,0.0,3.95
2020-02-10,12.01,0.0,3.99
2020-02-11,12.87,0.0,4.41
2020-02-12,12.37,0.0,4.58
2020-02-13,12.8,0.0,5.04
2020-02-14,10.96,0.0,6.07
2020-02-15,11.89,0.01,6.22
2020-02-16,10.68,0.0,6.27
2020-02-17,10.04,0.0,6.16
2020-02-18,13.84,0.0,4.65
2020-02-19,10.71,0.0,4.64
2020-02-20,9.11,0.0,5.15
2020-02-21,9.64,0.53,5.19
2020-02-22,8.97,3.89,6.35
2020-02-23,9.25,0.81,6.1
2020-02-24,8.31,0.83,6.19
2020-02-25,7.86,7.26,6.77
2020-02-26,7.63,8.8,5.98
2020-02-27,11.44,0.33,5.74
2020-02-28,11.72,0.02,5.92
2020-02-29,9.45,0.0,6.44
2020-03-01,9.91,0.02,6.72
2020-03-02,9.73,1.08,6.99
2020-03-03,8.21,2.82,7.21
2020-03-04,8.88,0.18,6.67
2020-03-05,10.2,1.19,6.55
